simulações,n0,n1,n12,n13,n15,n2,n3,n4,n6,n7,n9,n16,n17,n18,n19,n20,n21,n22,n23,n24,n25,n26,n27,n28,n29,n30,n31
1000,493,529,490,499,481,493,496,490,502,477,487,371,498,419,387,516,232,492,209,248,495,505,523,523,195,508,310
1000,478,500,521,516,492,502,490,491,485,509,516,421,485,436,423,511,257,493,224,271,471,514,507,523,209,491,297
1000,479,508,502,512,522,511,473,486,483,515,534,422,508,461,430,512,249,490,213,254,501,523,531,519,235,507,315
1000,517,486,501,493,496,502,478,505,503,512,524,413,483,421,410,501,253,504,224,258,432,503,510,488,215,482,323
1000,498,520,521,551,472,494,515,482,486,507,489,384,483,410,396,498,294,499,215,279,464,538,513,519,190,500,316
1000,501,488,500,492,487,483,490,497,508,510,510,404,509,454,413,521,241,494,213,241,515,502,503,507,216,523,320
1000,511,513,512,484,537,501,499,502,491,492,505,429,487,449,376,506,252,488,204,236,484,519,522,466,229,507,312
1000,477,510,530,500,472,499,527,496,514,515,492,423,539,436,407,518,270,493,209,257,519,476,531,498,202,519,318
1000,491,515,472,490,508,484,504,498,492,476,505,399,487,430,406,508,234,494,217,268,484,481,497,494,206,505,310
1000,493,509,502,504,532,503,540,492,469,510,522,395,517,432,412,466,252,483,235,268,476,509,513,480,228,523,332
1000,495,534,487,510,530,502,504,498,521,500,486,436,468,411,408,493,239,505,203,253,494,500,494,486,210,494,314
1000,506,473,524,472,504,500,491,486,503,517,511,417,512,425,426,517,249,507,238,229,499,514,500,500,222,498,296
1000,504,486,494,505,509,482,475,495,491,492,532,422,498,431,410,497,251,512,220,247,458,516,522,497,200,500,325
1000,503,528,491,496,516,491,493,502,506,514,485,407,496,435,432,498,245,530,213,251,506,482,528,511,200,485,318
1000,493,503,505,508,505,483,489,503,528,488,510,434,501,411,414,483,258,494,216,239,448,492,516,506,201,505,303
1000,478,493,504,491,487,501,517,483,491,496,471,421,501,441,403,514,250,499,216,263,488,497,510,485,194,508,284
1000,499,471,515,508,509,488,510,499,490,517,484,387,500,425,400,481,263,503,204,257,471,513,506,514,208,500,309
1000,492,499,471,526,479,489,502,511,508,510,502,390,487,420,395,528,234,488,204,262,507,489,520,504,215,510,313
1000,504,512,490,492,513,501,523,471,503,475,498,412,481,444,394,507,244,497,211,255,529,466,524,507,217,500,295
1000,492,492,482,529,484,494,509,502,474,474,505,404,496,418,410,502,263,483,216,276,507,515,510,489,203,479,292
1000,517,490,520,498,512,523,479,485,496,491,489,416,472,471,406,511,262,524,220,238,484,502,522,509,206,469,303
1000,495,505,501,500,488,488,511,486,522,500,537,434,481,461,435,514,244,530,203,233,504,520,500,483,219,487,337
1000,508,471,491,510,507,507,521,500,516,489,519,393,460,450,440,498,252,497,218,254,489,485,487,489,224,508,306
1000,503,485,489,540,486,449,470,490,527,476,493,400,474,400,400,511,259,459,199,251,504,482,527,520,198,511,276
1000,488,490,509,479,498,519,492,464,523,517,480,428,516,441,397,492,233,472,206,227,490,492,494,496,220,481,305
1000,501,528,518,506,508,509,494,495,513,479,519,396,489,414,415,501,263,482,224,230,480,531,491,514,221,510,306
1000,495,536,495,474,520,493,494,500,493,486,501,417,486,426,419,489,237,508,200,244,491,483,533,480,210,514,310
1000,492,522,494,495,481,476,501,487,473,499,473,400,499,420,398,473,242,542,209,270,469,522,539,502,184,484,294
1000,512,475,490,476,472,489,510,503,502,509,516,410,475,419,420,504,238,493,207,223,482,525,508,505,219,494,307
1000,509,491,511,502,485,515,495,505,491,491,492,383,498,422,414,513,255,522,206,261,512,503,550,513,214,461,299
1000,469,501,503,488,499,527,485,497,486,554,516,421,515,403,407,471,261,505,224,255,506,501,503,501,254,508,318
1000,496,502,502,484,487,484,516,507,507,497,498,402,511,426,409,502,238,506,202,225,488,502,524,499,201,506,318
1000,510,538,499,516,516,496,479,506,486,496,504,411,447,388,396,487,259,484,215,261,528,522,523,517,218,501,323
1000,513,460,498,489,491,486,472,510,499,483,508,402,512,432,386,491,227,475,221,250,495,502,555,508,189,523,314
1000,513,509,492,469,498,487,465,507,502,492,514,419,499,425,391,468,226,485,209,227,471,512,532,502,209,473,320
1000,513,480,513,517,517,505,497,514,511,484,525,421,495,446,443,503,270,487,219,254,490,475,503,498,212,495,290
1000,494,520,497,528,463,505,504,480,485,501,513,420,477,423,412,494,262,487,216,260,512,518,516,479,221,496,300
1000,471,513,507,492,516,519,494,489,503,515,536,428,488,428,450,538,229,491,230,242,492,499,518,508,242,491,289
1000,492,494,501,474,492,482,530,511,506,513,489,409,471,433,411,524,246,484,188,233,484,517,543,501,217,482,319
1000,489,509,495,513,489,496,491,478,485,503,496,405,484,416,387,490,239,503,199,250,462,533,525,530,219,490,297
1000,452,496,488,503,470,484,493,496,505,514,506,419,477,406,413,522,235,506,219,256,468,499,500,471,222,486,297
1000,489,515,506,508,510,495,482,484,475,515,500,412,470,423,449,514,270,518,204,265,499,526,531,497,224,523,291
1000,497,477,502,501,528,495,510,510,491,487,497,427,492,446,399,504,269,505,201,241,488,511,475,484,209,493,301
1000,501,492,505,516,510,487,473,499,490,493,509,411,480,424,403,502,257,506,201,264,478,515,517,497,202,477,325
1000,509,511,504,506,479,508,511,507,500,514,463,405,511,420,425,523,271,497,200,254,509,513,511,488,206,502,297
1000,504,513,537,490,496,510,470,496,492,495,467,409,496,406,433,515,257,488,205,247,502,507,523,496,190,490,299
1000,508,509,485,496,515,507,511,506,460,509,528,418,500,413,434,503,227,505,222,261,482,533,504,480,221,498,322
1000,473,500,496,490,485,493,510,508,507,509,488,397,493,426,395,482,251,484,197,240,522,488,516,474,221,476,289
1000,516,501,479,481,504,512,494,502,492,512,506,438,495,398,433,498,227,485,219,251,481,509,541,503,208,514,315
1000,509,541,481,504,521,540,494,495,491,508,509,448,514,438,439,515,237,509,207,254,524,501,509,499,225,501,335
1000,537,507,492,489,490,516,510,521,497,553,446,394,490,452,415,497,251,480,203,251,503,483,510,492,207,519,289
1000,512,496,458,474,534,520,490,490,499,503,500,430,488,420,451,478,217,525,214,235,479,514,525,494,217,517,289
1000,521,484,505,495,495,501,488,516,511,518,514,430,485,405,418,514,252,486,222,265,492,474,520,519,217,494,347
1000,480,498,495,494,493,511,490,497,494,498,504,422,457,427,426,531,237,499,220,246,500,501,494,522,219,499,301
1000,495,490,508,524,501,500,485,500,506,495,497,414,484,422,408,502,264,544,217,263,475,514,495,519,214,472,282
1000,500,504,516,520,520,489,520,516,513,497,489,432,492,433,413,537,259,512,192,256,505,476,507,512,208,522,325
1000,511,490,510,461,472,524,524,528,533,494,533,421,475,415,417,494,248,508,249,209,460,512,501,521,233,459,304
1000,491,505,547,513,505,492,499,507,475,469,502,417,482,425,414,488,277,485,213,270,474,506,522,529,190,511,302
1000,498,501,521,476,516,495,506,528,484,509,508,427,492,420,414,518,252,509,227,246,464,504,504,521,211,494,311
1000,503,500,488,524,506,497,500,499,485,505,509,390,507,431,433,497,259,543,211,260,452,521,499,488,224,501,311
1000,517,478,504,497,524,485,502,504,497,481,495,413,494,410,392,520,254,483,208,245,479,497,489,512,196,512,305
1000,514,519,461,497,501,503,500,491,519,508,495,428,489,429,418,491,231,494,207,235,474,503,517,494,227,474,313
1000,514,496,510,519,475,500,480,511,503,514,508,404,473,434,390,484,257,500,211,253,448,530,516,502,239,475,287
1000,488,507,480,483,493,497,492,507,541,484,485,436,492,434,405,517,233,482,212,208,493,505,528,470,200,459,297
1000,503,509,485,504,509,505,512,513,494,477,514,455,449,426,405,498,250,484,245,250,506,495,505,474,208,528,300
1000,492,499,478,505,500,485,479,492,514,508,487,402,506,408,405,502,224,518,194,237,474,495,506,509,209,526,296
1000,478,500,486,491,509,486,499,523,513,528,514,416,490,432,417,486,252,500,220,224,513,495,516,535,229,494,315
1000,521,489,479,501,508,485,516,496,505,508,495,411,495,436,421,512,236,528,197,234,514,517,507,489,213,510,279
1000,508,516,489,511,514,503,512,474,480,504,520,406,501,448,403,503,243,505,221,267,462,507,498,505,226,517,333
1000,478,518,475,497,508,489,492,500,511,523,507,420,510,443,410,496,236,495,203,244,497,494,506,497,240,492,303
1000,510,517,539,495,500,482,500,496,488,515,507,429,512,414,429,489,265,500,204,248,490,506,524,538,215,490,322
1000,517,493,508,493,507,534,510,505,515,505,514,423,503,439,431,473,254,516,207,252,490,489,505,488,229,492,301
1000,517,494,484,498,513,516,497,486,509,503,495,412,501,412,425,510,230,493,221,234,507,518,516,509,216,483,285
1000,501,500,503,497,479,532,481,500,507,498,485,411,493,426,408,502,240,472,225,255,491,484,530,498,195,490,321
1000,501,511,512,534,490,489,501,503,492,516,499,427,503,440,419,523,272,521,216,256,490,509,519,514,201,501,317
1000,500,475,498,491,470,521,509,531,472,493,499,398,502,384,424,495,247,513,217,259,475,498,550,521,202,481,288
1000,503,525,470,469,514,508,528,492,484,474,496,438,478,429,411,485,216,498,204,226,478,508,515,480,193,527,301
1000,475,532,510,505,492,482,511,511,486,503,490,422,496,429,404,515,251,483,233,245,497,518,516,500,200,523,299
1000,516,529,492,496,504,532,487,483,479,492,504,419,493,421,404,484,247,506,209,262,485,518,502,509,211,510,319
1000,503,502,500,456,472,501,487,493,504,499,475,419,506,419,395,476,219,505,213,226,493,492,516,483,191,508,298
1000,486,517,473,514,470,482,515,479,510,493,499,378,509,390,403,520,249,490,212,258,499,474,503,503,205,509,313
1000,495,503,521,526,493,487,481,502,521,476,502,393,485,417,410,494,287,491,214,248,475,490,530,506,198,518,305
1000,489,519,483,504,491,488,495,500,502,506,496,422,491,405,398,475,247,441,220,259,495,478,539,514,217,479,321
1000,511,536,504,488,508,497,549,483,509,499,484,424,472,430,401,521,238,513,219,247,494,499,515,484,210,501,310
1000,521,506,498,512,502,495,487,495,498,496,495,405,445,431,401,494,248,517,209,251,485,500,502,486,207,534,314
1000,508,466,508,483,500,506,508,492,473,502,524,445,478,446,425,471,253,519,226,253,508,516,539,497,211,475,311
1000,474,485,519,503,492,509,511,495,515,525,536,428,498,447,422,536,261,509,231,236,467,505,497,495,234,492,314
1000,519,499,521,503,485,494,468,538,531,509,487,393,480,444,409,518,265,485,206,227,473,506,518,496,216,488,295
1000,482,510,489,492,518,501,516,503,510,513,530,411,476,416,423,501,237,489,244,229,504,515,531,523,216,519,341
1000,484,493,489,486,516,513,503,524,490,486,490,447,476,447,411,485,242,513,204,250,495,477,539,513,192,483,311
1000,519,518,517,480,490,498,497,504,513,488,522,418,489,437,412,525,265,504,236,230,488,508,530,498,210,487,318
1000,479,495,516,507,475,514,529,482,466,481,504,426,493,441,394,533,261,514,221,275,523,513,516,512,202,481,305
1000,514,484,466,482,497,489,494,476,509,505,510,408,468,414,421,492,234,536,201,231,477,507,521,525,220,491,282
1000,513,497,488,494,503,502,466,508,510,509,503,444,506,434,425,502,247,512,208,244,490,490,510,474,212,514,308
1000,494,504,499,514,504,512,485,467,495,493,523,407,457,436,390,510,258,492,248,253,495,516,529,478,208,491,314
1000,485,506,512,471,505,501,484,475,506,513,509,444,477,449,424,501,241,519,213,238,473,496,521,499,224,504,301
1000,486,501,514,520,506,482,519,519,498,490,500,433,491,450,397,498,252,529,207,256,488,491,492,519,194,498,309
1000,497,498,485,497,524,514,493,481,507,520,529,406,493,411,404,502,243,502,240,253,505,489,512,524,226,490,314
1000,507,496,496,503,511,502,486,521,518,496,506,401,468,429,456,491,249,490,205,231,486,504,533,483,211,533,331
1000,465,508,502,520,501,521,475,507,486,484,460,385,481,437,382,521,272,509,199,260,489,531,496,496,191,510,272
1000,496,467,473,489,475,515,500,507,489,499,474,414,491,410,398,473,234,495,203,247,494,524,551,492,192,512,294
1000,483,505,496,505,494,492,510,491,508,526,514,410,517,411,420,509,250,493,217,244,479,478,517,480,237,507,305
1000,498,498,502,511,514,487,494,492,474,488,477,413,473,440,395,485,241,511,217,271,487,499,535,473,178,494,308
1000,486,488,496,520,488,505,523,495,508,478,485,411,487,407,403,502,262,468,204,250,491,527,533,480,192,525,321
1000,506,474,509,497,507,507,487,484,508,483,510,409,492,399,405,518,253,525,205,229,463,510,511,494,215,475,285
1000,488,505,499,487,494,493,506,498,523,493,516,396,476,415,423,517,236,497,224,212,473,520,508,485,209,494,313
1000,496,503,521,489,489,500,500,489,509,476,504,418,497,410,385,524,260,485,206,237,483,507,520,478,203,481,308
1000,508,511,510,480,495,513,494,511,488,522,504,419,470,435,424,503,234,510,215,247,514,509,501,525,220,499,300
1000,521,483,487,493,473,508,495,482,490,516,474,406,495,429,372,517,233,516,188,251,480,509,525,489,208,506,302
1000,510,519,502,494,532,514,531,498,486,497,521,435,517,403,437,513,244,487,241,258,483,513,499,511,229,485,308
1000,474,535,491,520,494,490,510,470,478,527,508,408,509,429,391,484,258,507,207,270,489,499,493,532,241,483,318
1000,513,502,489,495,487,484,480,510,497,513,502,416,493,421,431,477,252,492,184,252,497,501,527,478,218,480,305
1000,496,491,485,469,473,521,515,464,503,478,496,416,505,448,412,488,224,490,226,239,496,494,552,492,182,510,299
1000,500,516,487,501,516,499,483,513,506,513,514,439,500,443,429,526,243,492,232,245,501,488,535,485,214,515,290
1000,501,505,513,486,495,512,501,483,501,494,483,418,497,420,386,516,247,492,199,243,498,490,512,503,215,516,306
1000,501,480,506,499,488,483,482,519,489,506,513,415,469,433,401,496,258,501,223,255,491,506,497,513,223,522,286
1000,519,501,506,493,502,495,481,494,485,504,492,423,515,419,411,484,247,520,229,244,508,522,505,491,205,507,287
1000,509,490,486,464,500,520,509,482,471,491,489,428,485,397,401,528,231,499,206,250,479,519,500,504,197,503,310
1000,511,523,502,511,530,533,508,482,515,499,476,429,503,413,455,529,262,495,199,239,511,499,537,517,207,485,312
1000,491,496,501,493,499,490,509,475,489,477,481,416,478,444,390,509,257,493,216,238,482,528,543,490,189,496,278
1000,479,504,537,499,500,513,502,517,495,520,503,413,453,449,422,516,279,492,236,256,501,518,495,516,217,503,306
1000,502,483,504,514,505,487,517,497,528,497,521,416,488,445,412,498,264,500,211,247,481,456,507,500,204,500,314
1000,484,496,499,466,519,495,494,510,502,494,516,422,488,440,399,512,229,532,216,236,489,498,512,496,222,488,300
1000,487,498,502,498,482,501,471,482,494,522,478,413,494,404,417,520,248,499,193,252,480,509,546,473,202,489,309
1000,505,493,474,520,508,494,484,507,512,496,502,404,485,410,409,481,257,506,212,261,490,481,510,520,229,504,289
1000,507,513,530,486,505,489,488,515,505,499,484,435,482,422,409,511,257,522,206,229,477,513,486,502,190,506,311
1000,512,494,483,498,494,495,504,488,516,508,519,404,475,428,385,490,242,481,211,225,517,505,503,513,237,499,323
1000,503,507,526,487,479,482,472,492,483,499,463,393,507,441,384,512,254,483,194,250,468,518,521,495,193,489,292
1000,507,503,503,508,520,492,501,495,516,504,505,397,485,432,414,514,257,483,209,240,518,492,494,509,218,493,320
1000,484,509,524,493,506,500,484,518,490,490,498,399,486,421,411,506,262,512,199,263,484,472,539,490,214,526,279
1000,480,491,480,514,494,507,496,518,496,494,481,392,480,440,412,494,236,500,211,263,511,494,527,486,184,496,323
1000,491,501,504,472,496,507,497,521,500,519,513,437,490,422,423,534,220,509,230,246,470,490,460,499,234,527,301
1000,502,495,490,501,478,499,503,503,474,506,485,409,507,435,400,488,253,505,187,269,510,504,526,507,212,494,292
1000,467,531,518,489,518,474,528,488,499,496,499,418,493,438,435,519,243,483,219,257,497,467,513,495,207,521,304
1000,520,477,510,528,480,514,512,484,522,507,502,418,499,422,403,509,271,499,233,255,467,467,518,512,217,445,288
1000,495,506,502,524,495,499,499,524,488,491,502,403,485,430,422,523,261,497,210,258,496,510,507,525,216,504,308
1000,503,518,520,485,520,470,527,493,504,493,477,413,489,421,396,472,239,479,201,249,506,499,519,513,195,515,311
1000,512,507,495,477,504,504,517,500,486,489,485,414,473,412,399,480,235,487,219,233,478,529,522,500,186,482,322
1000,519,544,506,534,498,469,501,493,492,486,514,415,488,418,398,507,259,510,219,265,484,512,495,492,205,472,319
1000,503,483,491,492,527,497,491,481,490,511,497,417,469,419,454,522,235,512,194,254,475,504,505,505,197,488,321
1000,522,512,487,479,467,498,496,510,499,519,491,442,497,407,412,486,230,490,214,245,481,477,497,481,216,507,294
1000,509,534,518,490,499,512,494,510,491,482,502,415,497,413,400,488,256,524,220,261,494,481,522,482,203,502,305
1000,508,494,495,487,502,508,462,506,496,529,512,415,484,419,426,504,229,517,205,245,503,504,524,519,216,502,337
1000,515,498,460,520,495,479,483,513,500,505,496,418,496,412,399,507,240,495,210,266,471,485,531,504,203,504,306
1000,495,501,483,506,501,504,498,502,504,527,523,409,491,459,424,505,241,497,244,237,500,535,506,476,244,506,301
1000,500,497,495,496,489,526,503,513,503,497,482,395,492,417,392,495,237,499,208,258,514,469,508,480,235,504,291
1000,498,519,515,504,513,522,495,507,518,495,501,408,490,414,409,502,263,468,230,237,485,516,515,501,216,497,292
1000,535,510,491,491,490,501,494,468,511,501,482,420,485,422,408,510,235,505,197,243,480,487,502,498,207,489,280
1000,495,512,516,524,526,526,518,487,488,487,529,422,479,445,412,511,276,485,249,271,486,483,507,504,225,540,316
1000,493,511,497,517,483,525,475,507,476,486,512,419,501,418,417,478,263,487,215,277,510,515,505,499,217,519,296
1000,513,519,525,485,495,464,494,484,525,508,518,403,505,407,398,509,259,507,223,237,487,506,507,483,226,506,313
1000,492,504,507,492,500,492,495,504,505,495,523,388,490,418,404,502,247,498,228,245,482,498,542,489,213,495,323
1000,507,489,504,503,505,507,483,478,504,502,492,404,500,423,388,502,243,517,233,255,471,504,506,479,215,499,293
1000,518,490,503,491,510,515,486,468,493,530,504,422,478,391,404,501,248,464,226,252,472,519,528,495,227,507,316
1000,515,502,507,506,494,466,516,505,507,483,520,420,489,408,417,480,260,482,208,240,485,500,536,496,207,506,297
1000,514,474,503,502,519,484,511,514,508,490,526,406,469,437,418,477,267,477,225,250,482,503,510,515,219,504,322
1000,491,511,484,482,488,508,498,503,500,468,541,402,513,426,386,489,229,490,224,252,499,492,498,484,227,499,314
1000,489,466,510,491,495,487,501,488,496,505,471,408,506,401,426,484,260,474,190,239,509,517,511,475,204,481,309
1000,536,522,500,473,478,501,480,506,484,500,483,414,481,418,385,519,226,510,217,248,486,501,511,517,180,508,320
1000,518,511,482,481,488,481,495,503,517,518,470,384,493,459,408,477,246,509,202,225,496,485,511,523,195,491,297
1000,476,506,517,526,512,517,484,537,497,504,489,436,496,430,421,498,270,526,229,259,479,519,538,481,200,478,304
1000,476,512,507,496,500,492,475,480,535,499,475,384,508,425,408,511,253,511,202,229,460,483,515,533,203,527,304
1000,496,498,501,465,513,477,509,471,477,503,516,417,505,410,408,503,222,503,217,225,491,541,505,515,223,501,303
1000,503,508,472,487,485,484,496,485,504,493,503,409,499,425,404,461,235,502,188,238,487,484,508,481,197,497,319
1000,515,498,504,503,485,505,512,480,497,495,478,414,473,413,382,511,254,491,198,238,465,512,511,518,207,488,279
1000,480,510,487,491,520,508,479,479,509,482,512,423,481,445,409,495,233,496,211,250,495,488,530,512,213,500,304
1000,479,525,472,506,528,517,481,477,511,477,507,416,491,470,420,468,259,514,218,243,497,481,508,508,207,526,305
1000,503,476,512,500,503,485,514,491,517,485,508,421,477,450,439,483,256,519,217,241,482,498,513,515,193,510,293
1000,518,499,500,486,488,496,486,509,513,497,504,401,497,438,417,504,267,498,222,237,477,485,512,490,195,498,323
1000,509,518,538,506,492,538,501,519,477,477,467,426,482,403,430,516,257,512,202,261,488,503,479,508,192,496,290
1000,509,526,527,471,520,496,525,524,520,509,491,439,466,432,447,497,246,487,205,219,483,509,496,498,225,504,299
1000,522,544,508,508,524,495,497,495,473,492,496,437,504,423,438,508,262,483,215,261,496,536,526,477,220,513,298
1000,509,486,494,497,521,497,498,473,499,500,500,415,503,439,376,499,240,523,219,253,464,493,537,509,207,490,296
1000,502,503,497,467,509,509,517,515,473,502,509,434,509,434,451,499,216,463,207,245,473,524,497,471,211,528,312
1000,482,503,512,485,488,509,493,511,476,501,494,414,491,421,410,494,261,503,206,250,470,521,531,519,207,511,300
1000,490,517,487,497,506,493,488,477,462,500,525,387,481,419,390,492,240,503,219,285,498,505,516,483,231,498,309
1000,469,519,515,490,509,487,521,486,503,506,487,400,494,444,419,503,255,504,212,237,480,514,531,533,193,478,315
1000,526,527,487,492,498,476,484,479,510,496,484,419,482,449,393,511,242,509,194,235,472,508,513,482,206,498,289
1000,496,497,523,501,522,515,484,530,514,475,494,411,481,425,409,505,264,496,215,250,480,476,487,516,214,501,282
1000,489,506,493,504,472,512,510,468,516,508,502,427,457,430,441,503,248,502,217,240,501,471,512,484,228,511,285
1000,507,522,510,520,522,487,468,508,490,531,522,443,463,408,418,521,267,480,230,277,476,495,535,503,244,503,323
1000,494,504,495,512,493,507,486,499,489,511,491,420,453,445,431,487,264,497,216,262,488,507,543,500,211,468,311
1000,498,495,504,501,526,481,466,519,493,481,493,410,498,468,394,502,256,523,205,256,484,512,516,530,200,504,291
1000,512,518,480,498,508,527,485,455,503,479,501,415,509,422,415,487,246,502,211,254,468,482,542,489,211,515,300
1000,506,487,507,504,471,512,496,514,504,531,477,385,505,434,405,482,254,510,205,240,489,514,531,486,208,486,325
1000,500,497,499,511,476,490,500,509,494,522,500,390,471,407,389,503,256,503,184,266,499,494,525,495,235,480,330
1000,491,485,500,476,489,494,527,511,489,497,523,410,508,425,430,484,247,508,222,248,507,491,524,492,219,502,305
1000,488,523,504,516,519,489,517,478,496,494,477,423,497,429,418,500,257,496,211,268,490,495,503,508,209,508,302
1000,511,489,508,497,481,520,486,488,497,491,508,377,501,412,392,494,257,516,218,249,505,502,530,514,214,487,293
1000,485,509,507,502,487,491,515,486,528,517,507,398,487,461,411,496,263,507,230,233,487,486,502,488,212,497,318
1000,515,528,512,498,509,506,518,509,471,525,516,381,489,439,424,514,240,455,233,275,495,500,516,481,240,513,337
1000,480,488,518,471,497,500,493,499,512,495,495,407,512,406,397,490,237,512,193,232,472,491,512,500,226,510,306
1000,479,510,500,490,489,483,518,506,518,520,497,407,512,424,414,488,238,490,193,234,504,479,518,506,219,523,316
1000,496,457,492,515,504,499,517,483,514,555,481,432,502,453,419,476,261,488,202,247,491,486,532,490,213,495,307
1000,510,506,513,482,491,521,525,496,504,500,524,429,487,447,400,501,231,455,223,229,531,508,484,500,238,489,307
1000,502,507,495,490,489,498,505,502,492,478,522,417,478,419,396,485,226,519,224,249,509,481,512,512,207,530,301
1000,495,530,495,515,520,508,521,476,471,516,503,419,489,406,425,503,255,500,221,273,499,515,501,489,212,499,317
1000,525,505,516,505,491,498,473,507,477,480,510,383,498,428,419,503,259,491,209,265,475,511,502,528,218,507,301
1000,493,505,515,470,488,500,484,496,510,487,504,413,483,428,423,497,234,503,218,224,475,507,532,500,197,476,318
1000,487,478,467,506,489,529,511,501,512,476,477,441,475,400,380,498,231,503,224,242,485,489,520,457,182,474,311
1000,497,494,504,533,498,484,489,485,494,480,492,404,485,408,384,511,263,494,219,278,507,497,503,509,196,502,286
1000,484,498,491,475,483,463,472,498,483,488,517,405,469,438,381,489,238,487,196,261,463,478,551,496,226,503,294
1000,516,512,500,473,485,519,514,515,499,502,503,408,509,409,419,495,245,511,226,247,488,506,519,473,202,516,352
1000,488,503,476,495,499,502,514,497,521,494,543,412,492,427,403,487,240,485,219,237,512,497,525,530,229,504,303
1000,499,480,484,503,499,504,495,490,504,491,488,419,490,415,425,527,249,493,199,247,473,503,527,537,191,508,304
1000,507,502,473,476,483,502,490,510,498,519,493,411,464,416,392,494,214,499,209,236,477,518,486,515,214,530,315
1000,498,510,479,472,508,519,535,535,510,512,495,423,481,431,420,479,227,471,227,225,492,498,518,505,215,476,328
1000,514,461,508,508,495,524,480,477,504,511,511,425,481,416,411,521,241,506,200,250,487,489,523,505,228,512,296
1000,503,506,514,540,512,493,506,487,500,506,485,425,501,425,419,513,272,502,194,265,491,497,511,487,203,520,314
1000,520,475,472,483,493,514,505,499,496,516,510,387,490,421,402,522,233,525,236,251,485,501,547,533,225,475,308
1000,499,494,484,477,522,503,491,510,507,509,495,387,502,465,429,519,220,513,225,247,490,470,516,483,203,531,298
1000,509,516,476,492,490,504,503,485,484,490,496,409,470,418,426,506,242,497,204,253,502,498,502,488,219,506,310
1000,531,510,505,514,500,508,515,485,491,498,481,415,486,414,402,481,270,498,206,261,491,514,497,491,201,462,317
1000,492,491,510,487,492,502,499,526,490,494,539,439,480,414,415,502,247,488,223,241,494,487,536,486,240,520,308
1000,507,505,496,494,473,475,492,530,496,494,502,411,489,423,424,517,236,529,199,259,481,485,513,546,203,521,280
1000,493,493,519,481,485,485,501,508,497,509,488,437,469,407,383,514,254,510,198,232,471,518,515,505,208,484,315
1000,477,496,503,505,484,518,492,495,497,483,518,424,473,415,402,500,253,499,219,254,478,488,518,490,206,494,308
1000,508,510,503,509,494,459,500,500,487,486,499,411,505,429,393,489,249,515,202,252,476,497,509,505,213,481,287
1000,467,495,503,509,501,505,513,462,492,497,531,429,508,419,409,492,259,503,223,249,491,523,501,487,215,516,329
1000,511,525,524,497,467,500,507,467,495,512,480,407,504,423,413,482,269,479,215,266,486,496,493,514,203,480,302
1000,502,516,510,505,500,505,495,508,474,505,479,372,490,421,403,520,254,496,206,258,477,533,499,502,205,498,296
1000,491,512,503,502,500,505,484,511,492,494,495,407,496,422,388,509,247,497,203,246,502,514,500,496,218,485,315
1000,507,477,498,535,495,499,486,488,465,486,487,407,473,405,393,506,276,483,206,278,485,523,527,505,199,514,301
1000,486,508,499,511,505,505,478,497,494,485,527,419,510,434,432,484,259,518,213,258,482,500,503,477,229,481,296
1000,495,501,512,479,481,520,491,518,479,490,513,429,483,417,396,507,243,492,218,250,498,514,537,487,215,477,312
1000,485,501,494,521,500,506,500,474,506,495,479,399,487,411,385,476,247,519,213,240,470,506,502,484,186,495,324
1000,502,497,505,511,470,515,501,525,499,499,497,399,492,426,414,517,253,513,211,259,465,497,510,508,205,498,322
1000,488,495,506,527,502,487,473,512,505,482,492,401,475,441,404,506,256,486,196,262,467,476,532,502,198,510,312
1000,504,497,515,476,500,509,523,497,497,500,506,420,477,422,393,496,242,484,210,244,480,487,506,493,228,500,316
1000,517,491,547,476,496,506,489,497,528,484,524,412,492,406,397,544,245,485,220,225,481,495,501,511,229,513,309
1000,517,512,522,492,523,498,508,497,503,489,523,416,485,410,391,490,262,505,227,224,490,533,528,507,229,508,306
1000,500,511,487,496,531,479,500,511,492,527,486,403,509,413,417,480,241,509,199,243,486,518,521,500,214,510,330
1000,498,501,521,512,512,502,513,538,503,497,481,389,511,411,408,518,257,507,203,250,484,499,548,517,202,482,306
1000,493,461,517,498,510,520,502,468,512,502,519,437,491,426,427,473,258,521,215,228,502,515,508,490,199,491,318
1000,518,494,505,498,502,493,468,504,525,502,475,419,491,427,407,502,245,517,189,216,491,521,504,519,195,500,290
1000,492,522,504,500,526,479,484,491,498,489,520,408,475,424,406,508,251,507,229,252,490,505,508,514,210,497,320
1000,469,483,501,468,518,501,513,506,493,493,493,441,519,452,419,476,250,494,214,238,469,501,536,510,190,500,305
1000,485,519,516,477,509,492,459,496,505,466,508,407,478,421,413,485,254,508,224,238,470,485,505,487,198,487,307
1000,499,508,477,534,465,490,470,518,496,513,474,411,480,407,380,508,241,507,178,275,498,505,517,502,209,481,286
1000,490,517,497,529,495,498,496,491,502,509,466,395,506,426,422,478,268,489,195,274,480,492,509,491,218,501,267
1000,482,511,496,502,487,498,507,473,498,516,488,428,494,449,427,493,244,508,197,251,504,502,538,474,206,465,309
1000,486,510,524,511,499,490,507,493,454,505,476,393,485,430,419,529,269,491,192,283,493,502,526,504,198,508,323
1000,486,494,497,495,470,512,494,499,489,530,496,426,481,435,421,503,253,490,207,248,459,498,510,497,220,500,321
1000,482,485,491,488,514,512,481,483,476,492,504,403,516,427,416,501,243,501,201,257,512,511,517,507,204,510,317
1000,515,507,488,495,528,518,497,489,494,508,465,427,495,410,389,495,253,531,197,249,468,498,508,495,205,491,318
1000,479,462,470,507,535,498,493,500,496,521,500,407,505,402,398,500,237,496,200,257,486,503,505,505,235,491,310
1000,534,525,524,507,492,488,476,503,495,487,462,391,484,424,380,509,259,522,197,252,488,515,523,483,199,502,284
1000,505,477,492,514,525,500,492,515,498,508,486,429,489,445,399,510,248,520,201,245,473,509,505,485,219,497,294
1000,522,507,490,493,511,498,495,500,505,503,494,412,483,399,409,500,227,521,198,249,507,475,507,492,221,516,292
1000,523,488,525,475,528,517,483,499,509,506,476,410,498,423,422,526,234,493,206,238,463,486,487,488,202,512,301
1000,504,499,487,503,502,516,516,479,469,511,483,433,491,413,418,471,241,492,215,261,477,503,505,528,212,513,308
1000,502,495,465,484,515,498,479,510,479,492,496,413,516,419,392,485,233,530,216,244,467,546,513,508,197,498,311
1000,491,506,490,501,477,485,467,498,455,493,485,403,483,403,385,497,240,490,190,275,475,544,536,502,203,481,295
1000,470,491,497,488,530,487,520,487,530,492,480,431,513,410,393,485,247,514,181,228,463,477,510,487,207,492,320
1000,488,500,508,515,508,490,502,518,488,520,500,425,512,414,401,509,255,507,209,263,492,506,516,499,229,503,308
1000,497,488,525,484,489,504,516,493,484,484,491,430,500,436,415,501,251,514,193,248,483,510,517,504,192,505,314
1000,502,516,491,503,489,518,502,497,484,523,500,390,519,443,406,518,258,493,201,265,497,509,521,473,224,498,331
1000,514,485,508,503,511,522,519,470,507,504,502,405,497,428,394,481,247,497,222,248,504,501,517,480,225,468,309
1000,493,520,493,496,488,510,524,522,513,494,490,420,486,426,412,489,250,478,216,246,485,492,519,492,201,523,313
1000,471,525,485,513,513,475,492,514,492,506,485,428,458,387,410,520,253,486,199,247,495,521,505,488,219,539,309
1000,494,522,489,489,499,505,481,485,513,501,462,396,497,430,423,528,238,513,212,230,499,505,522,500,193,529,283
1000,510,504,487,496,477,500,501,511,485,509,473,419,523,422,380,508,249,495,200,252,503,499,543,491,222,477,293
1000,525,515,519,509,476,491,501,534,493,490,531,415,479,437,388,498,266,499,236,265,512,493,509,504,205,505,331
1000,495,512,478,523,495,535,502,528,491,492,519,427,507,395,427,500,259,519,223,264,511,504,524,535,223,513,313
1000,491,494,497,529,478,496,464,521,512,505,485,388,487,446,409,476,266,511,195,265,468,501,517,500,207,482,291
1000,480,548,494,490,524,473,503,483,516,506,485,395,491,389,384,499,242,502,224,238,509,499,500,498,215,497,314
1000,501,524,476,517,513,514,460,513,490,494,499,427,485,427,377,463,258,475,212,268,480,499,519,485,206,499,319
1000,504,505,506,519,507,499,526,478,512,511,479,397,499,413,411,498,252,492,209,256,496,475,483,491,215,518,328
1000,504,495,471,509,491,482,538,488,473,488,516,438,491,442,413,450,255,516,186,261,479,530,522,518,218,480,312
1000,478,495,493,498,534,516,509,520,490,510,523,411,511,434,411,525,240,493,241,251,483,517,501,496,224,482,321
1000,493,494,486,474,501,482,509,493,505,485,491,414,510,409,432,509,230,502,201,235,490,469,499,523,192,508,299
1000,502,488,511,514,482,479,483,497,474,517,517,411,518,439,393,512,253,503,210,263,513,524,543,491,219,497,300
1000,489,520,509,491,507,475,507,514,540,497,495,396,487,433,423,491,247,513,195,226,470,472,503,511,216,512,293
1000,535,489,510,519,471,492,477,535,506,493,504,422,487,430,408,499,261,516,226,253,471,495,533,474,197,489,309
1000,496,502,494,505,512,497,508,516,508,517,516,424,484,443,430,504,251,512,208,249,483,497,516,501,230,481,327
1000,508,521,486,482,499,480,522,475,513,519,508,404,500,455,449,485,232,511,206,242,470,484,513,501,226,509,310
1000,508,484,496,517,507,514,522,523,530,501,508,450,505,458,430,509,254,466,218,237,478,496,525,517,221,504,299
1000,516,498,464,498,507,497,497,514,489,488,486,431,494,436,392,486,238,510,208,260,488,498,509,490,203,521,285
1000,496,494,499,527,511,546,489,507,479,472,482,416,478,439,421,526,256,496,200,276,482,511,503,478,206,491,285
1000,506,508,513,472,489,492,527,489,514,505,495,427,504,441,405,517,240,520,194,227,510,473,517,523,219,489,288
1000,508,505,530,489,529,513,485,495,488,502,506,421,488,434,392,486,257,504,231,271,498,476,552,487,213,498,333
1000,509,504,508,478,490,497,467,510,485,506,515,412,478,410,432,490,236,477,216,243,496,500,529,505,212,479,296
1000,489,504,512,505,542,481,510,499,490,500,472,395,471,414,407,480,255,515,202,253,494,493,511,508,200,530,298
1000,498,482,491,546,501,503,486,531,487,472,510,429,491,411,411,476,275,501,199,285,484,509,507,494,218,500,305
1000,497,501,495,503,499,496,506,504,490,469,496,430,466,421,390,515,244,494,201,266,484,497,512,517,179,511,326
1000,468,532,478,461,529,478,505,461,481,514,489,386,515,408,440,469,213,500,192,229,505,510,518,499,211,516,324
1000,498,498,515,519,525,500,466,508,534,494,487,406,460,421,419,499,275,486,214,238,477,488,538,498,196,499,306
1000,484,494,488,487,508,492,507,487,530,477,500,394,472,437,377,481,248,490,205,212,505,490,532,500,214,511,295
1000,504,510,522,504,498,519,497,510,513,476,476,417,499,452,396,501,260,503,217,234,479,504,522,490,186,494,293
1000,490,502,507,508,496,507,514,493,488,506,530,435,487,459,406,499,249,485,231,253,485,523,529,505,224,488,338
1000,495,469,509,496,479,494,482,481,502,481,482,398,481,378,405,501,246,513,198,246,473,495,523,476,207,486,292
1000,526,487,504,485,500,503,500,508,514,489,510,405,514,438,415,494,245,492,223,234,476,519,487,531,217,469,290
1000,516,501,473,492,501,536,506,505,526,500,520,429,505,435,415,508,218,499,253,244,498,470,524,509,223,503,326
1000,493,523,485,502,486,493,492,507,476,512,524,411,474,421,413,502,238,488,213,256,493,530,499,482,226,535,324
1000,504,495,474,494,487,493,518,510,500,502,476,423,501,403,391,484,230,488,196,248,508,500,521,494,199,497,307
1000,491,513,528,506,490,479,504,518,490,513,478,413,499,428,448,495,282,530,189,250,482,504,511,477,209,505,312
1000,518,487,504,501,498,500,501,500,491,531,480,398,502,422,406,502,250,486,202,246,468,526,492,480,217,471,295
1000,502,531,510,494,517,536,503,499,484,546,505,416,503,441,428,517,270,475,229,254,483,489,522,489,247,487,311
1000,504,523,496,522,497,485,462,486,484,507,503,416,495,419,424,502,254,502,214,270,486,501,514,495,210,491,312
1000,482,501,495,507,478,510,474,508,485,519,515,439,487,421,418,487,257,475,216,269,485,493,528,530,230,519,300
1000,517,501,463,506,485,502,518,495,472,506,504,443,474,439,421,483,233,497,223,277,500,500,531,502,213,497,323
1000,502,508,504,498,501,515,543,502,521,519,517,419,464,431,424,517,248,459,215,257,514,486,522,473,233,497,330
1000,495,505,494,511,526,519,523,510,491,479,487,436,486,472,411,516,245,506,216,269,471,505,510,493,194,543,318
1000,498,491,483,499,484,496,518,490,519,495,534,401,494,407,405,503,235,541,224,241,509,506,499,526,226,481,305
1000,505,517,485,468,475,487,508,504,522,499,506,405,498,429,430,510,228,480,224,216,465,492,529,510,205,473,316
1000,508,509,500,547,491,488,481,492,497,511,473,437,488,411,406,491,264,484,190,265,461,513,513,498,202,475,308
1000,497,500,480,498,499,503,513,490,520,517,505,416,501,419,427,474,249,496,192,248,497,496,504,496,222,486,324
1000,482,489,493,486,487,502,523,493,485,489,501,392,484,439,425,513,245,512,209,263,482,488,494,482,215,485,279
1000,541,502,510,472,520,527,514,492,505,470,499,434,477,435,437,473,251,500,225,244,490,482,524,506,194,528,310
1000,475,472,508,478,507,515,452,500,480,508,485,385,487,409,418,528,240,517,217,249,511,515,509,500,211,491,282
1000,522,492,503,490,505,519,511,508,503,510,529,431,512,419,434,482,256,503,231,243,499,523,546,493,236,483,309
1000,522,493,537,505,506,502,518,488,487,515,499,419,503,405,454,502,280,525,222,264,533,516,536,498,214,475,294
1000,504,491,518,489,523,494,530,507,507,504,486,452,485,447,417,508,251,516,210,241,475,512,516,487,220,487,312
1000,474,489,480,507,513,506,495,517,507,502,522,455,480,443,389,498,247,507,224,252,476,487,531,514,223,476,328
1000,501,487,498,526,502,490,522,512,504,479,485,405,478,418,411,501,261,495,211,253,498,500,529,501,196,487,300
1000,478,485,508,503,518,510,496,502,521,522,504,436,507,435,422,500,259,500,212,247,477,469,501,489,235,502,292
1000,505,493,539,496,489,503,493,494,482,488,486,424,499,406,406,505,268,508,209,254,513,519,500,516,196,484,302
1000,490,511,495,493,500,503,489,510,492,519,496,419,468,430,398,513,248,493,203,249,499,512,518,516,220,512,314
1000,471,511,497,492,473,500,479,502,494,493,508,420,485,408,411,505,245,501,196,256,507,505,539,491,223,497,312
1000,488,517,515,495,533,474,494,521,498,503,478,414,487,413,390,529,249,504,202,266,468,490,524,538,203,538,303
1000,480,504,484,503,530,488,513,519,502,502,516,404,489,421,406,488,248,514,236,248,514,520,498,529,207,473,315
1000,511,528,492,476,514,504,494,516,492,508,490,412,488,426,420,499,226,492,192,245,470,499,513,517,220,502,318
1000,497,508,498,526,493,502,492,494,491,519,507,416,490,436,411,475,272,477,216,271,511,490,500,489,232,514,290
1000,478,484,492,492,520,457,474,489,514,509,497,390,495,450,407,507,240,471,209,230,461,500,508,476,208,468,283
1000,483,480,500,492,482,508,476,459,513,499,529,418,492,444,408,508,246,499,215,243,470,490,547,506,214,480,321
1000,491,515,504,513,479,493,490,479,506,497,490,412,516,402,405,499,263,494,199,265,513,493,522,485,215,513,293
1000,494,504,479,488,505,521,506,528,492,508,512,437,478,422,418,501,240,516,217,246,493,498,515,494,222,503,307
1000,501,520,495,497,511,508,497,486,500,502,492,434,475,425,420,516,243,499,220,241,489,516,504,504,196,508,292
1000,498,499,510,505,499,509,525,473,490,501,507,414,506,445,401,507,247,504,203,254,488,493,524,494,231,498,301
1000,525,526,524,487,519,504,499,527,484,514,504,412,481,414,407,482,253,476,234,262,477,503,528,458,218,495,326
1000,508,466,512,502,444,495,516,511,475,495,489,389,473,422,385,482,274,509,190,255,458,529,512,498,200,447,309
1000,489,507,483,505,500,515,516,494,511,501,516,413,475,447,399,493,248,494,234,253,513,478,503,520,231,501,304
1000,496,529,491,475,478,511,490,496,524,492,512,413,509,443,390,509,231,490,232,227,502,465,505,471,196,505,312
1000,494,462,479,521,512,500,539,458,497,490,509,427,505,455,436,491,256,498,228,248,487,508,510,503,195,509,290
1000,484,494,517,517,511,480,526,501,502,508,504,415,525,480,418,480,282,501,226,261,494,504,515,494,207,481,314
1000,510,484,480,491,494,488,482,517,516,514,496,391,503,392,430,510,244,502,233,236,476,499,484,501,203,499,306
1000,480,533,507,472,486,502,520,505,480,489,511,402,474,428,425,493,239,523,209,254,501,520,523,504,209,497,320
1000,491,499,491,496,528,515,491,488,515,499,517,449,493,445,422,508,233,497,227,240,497,471,505,494,225,528,304
1000,491,482,529,502,509,514,538,497,526,511,483,449,450,434,404,519,262,525,213,229,495,483,492,497,212,514,296
1000,512,487,490,493,482,515,483,520,481,492,495,411,454,403,401,451,247,467,218,255,466,494,523,496,212,527,271
1000,516,508,499,486,510,475,492,531,488,482,525,434,497,452,411,479,245,507,209,260,479,496,516,490,217,517,296
1000,537,504,499,507,480,510,476,515,491,508,514,389,489,405,406,469,267,513,208,260,498,501,534,485,223,509,311
1000,513,503,497,482,522,502,497,534,510,505,504,409,500,402,419,508,244,492,216,245,499,485,524,499,225,483,286
1000,503,511,535,495,525,496,510,511,511,516,510,426,484,422,428,505,265,517,229,237,509,501,517,511,218,523,311
1000,501,491,490,493,499,520,495,508,489,527,519,449,503,408,417,495,251,485,226,251,476,479,527,519,233,522,304
1000,524,497,526,510,496,521,499,484,468,531,484,392,489,439,412,502,278,490,218,281,494,504,518,500,225,520,302
1000,480,517,506,534,490,471,515,520,505,504,488,397,497,419,417,489,276,518,222,280,485,474,522,479,197,475,296
1000,482,505,492,518,499,501,495,480,516,499,524,406,518,431,419,504,254,518,209,242,479,502,522,497,223,485,322
1000,497,504,504,512,493,507,482,478,501,527,512,419,517,415,419,490,258,482,230,256,501,504,514,515,220,507,303
1000,506,514,493,503,508,506,516,502,497,511,497,422,508,437,400,464,242,497,221,234,482,522,495,487,226,522,308
1000,492,503,473,501,504,483,514,496,515,482,487,411,490,427,397,511,238,523,209,249,493,484,528,491,191,542,304
1000,498,528,517,527,508,521,514,473,513,510,522,410,509,394,457,497,271,489,229,246,501,501,516,512,232,517,335
1000,504,518,487,500,501,496,514,485,523,459,497,412,494,424,404,499,234,532,233,230,500,510,529,507,189,475,303
1000,497,509,492,509,466,490,479,489,519,473,512,413,495,411,401,483,246,507,218,240,493,502,531,497,193,470,318
1000,504,498,490,487,528,471,485,518,503,524,496,425,509,451,395,464,250,528,190,234,439,507,508,499,215,492,290
1000,508,492,495,472,515,522,493,497,495,508,541,422,478,416,436,480,241,482,252,236,493,510,513,484,223,506,334
1000,485,502,479,504,500,516,488,483,499,496,495,403,476,404,407,470,248,496,217,249,499,521,514,500,212,477,295
1000,502,526,497,506,488,521,496,465,519,486,500,418,435,419,419,490,258,471,220,241,497,503,532,504,204,514,295
1000,482,501,501,498,506,517,515,497,526,505,511,437,497,453,421,530,246,506,216,227,460,479,499,513,230,529,304
1000,476,502,481,511,492,484,492,490,533,491,524,419,502,430,402,496,254,485,228,232,509,501,521,496,216,500,306
1000,506,512,487,475,502,488,505,512,510,508,521,399,522,434,411,516,229,519,206,238,469,492,503,510,237,500,302
1000,485,495,490,505,533,529,508,498,503,493,514,414,491,398,421,500,249,509,238,253,492,497,495,523,227,501,302
1000,487,532,503,477,506,487,499,503,465,514,499,416,500,441,413,510,238,495,209,251,464,532,523,501,210,491,344
1000,486,523,506,495,482,503,508,532,498,504,501,438,488,452,443,504,260,509,224,253,478,485,518,515,202,507,301
1000,458,487,505,491,522,502,488,505,494,512,507,408,506,442,422,534,243,517,228,249,469,501,496,472,222,504,305
1000,503,511,513,534,517,529,495,473,525,494,493,416,477,409,422,486,276,496,235,263,487,485,527,526,206,498,298
1000,504,464,499,499,509,520,525,506,500,495,483,408,486,431,412,510,234,478,208,252,492,489,484,506,204,504,293
1000,505,506,499,508,520,496,494,512,488,503,485,424,499,402,397,482,244,511,198,264,480,517,495,512,200,498,319
1000,493,507,517,495,499,530,480,508,519,510,502,420,499,406,416,501,258,493,222,240,493,485,504,500,227,509,331
1000,512,501,482,510,497,482,505,508,512,498,504,390,477,419,434,507,236,486,204,224,482,530,539,487,205,507,314
1000,508,504,512,479,466,468,516,527,512,512,525,392,504,442,386,505,243,488,223,232,520,508,514,458,224,517,348
1000,507,506,515,506,488,502,498,497,474,502,478,429,477,406,396,504,255,463,187,276,484,495,536,480,218,494,303
1000,508,473,512,520,510,508,521,482,507,523,501,435,514,418,425,519,255,510,223,259,486,494,535,512,222,518,305
1000,470,504,499,474,511,474,514,471,500,483,492,413,487,393,410,488,228,473,195,244,475,492,527,469,199,495,307
1000,504,491,514,511,521,499,482,492,500,504,489,403,499,437,416,495,260,500,206,261,525,488,516,502,209,505,320
1000,518,500,487,498,491,496,505,510,502,500,482,399,475,450,385,487,254,512,217,243,475,532,526,497,201,498,309
1000,522,500,506,485,493,475,516,488,498,529,492,406,480,402,434,508,241,493,192,233,485,522,514,464,228,476,312
1000,507,486,498,511,467,504,498,518,496,519,520,422,501,446,405,479,248,498,211,274,487,492,520,493,238,469,295
1000,504,492,506,495,516,493,506,496,492,526,486,419,462,438,406,501,251,494,217,254,493,501,522,490,217,513,296
1000,512,511,479,479,503,482,490,501,503,489,507,411,489,427,417,501,227,510,230,251,510,482,526,508,205,472,307
1000,516,493,483,497,513,506,500,517,502,475,462,448,499,436,421,508,229,475,189,261,488,473,509,501,183,483,289
1000,516,514,510,508,494,485,499,500,504,470,511,402,497,421,391,525,244,486,226,253,512,498,511,470,215,489,290
1000,508,479,509,520,487,498,505,498,502,498,490,428,510,442,401,497,265,538,212,257,475,508,542,501,211,492,300
1000,501,520,512,493,510,517,490,496,515,531,480,405,476,426,403,495,270,502,201,223,463,483,521,484,220,483,320
1000,483,507,531,511,498,504,502,519,517,487,513,426,470,411,420,531,267,500,213,249,494,519,527,492,218,474,309
1000,478,504,489,522,518,484,507,491,502,506,496,419,538,432,421,497,267,494,213,252,483,500,533,513,193,496,300
1000,507,502,488,488,477,476,500,507,523,506,482,409,482,448,399,507,252,475,202,237,475,498,509,477,198,486,305
1000,483,515,517,524,523,500,521,495,501,512,515,409,461,428,445,509,262,502,212,250,495,525,501,505,244,514,322
1000,532,481,507,520,511,501,502,474,505,495,491,406,493,427,408,504,274,484,193,266,493,509,515,527,221,484,302
1000,470,511,512,507,490,531,515,506,489,522,464,426,497,431,416,515,254,501,214,257,490,479,516,498,206,508,311
1000,509,515,489,470,512,499,513,504,474,499,534,462,503,437,415,489,229,501,231,240,496,520,498,509,215,494,331
1000,509,496,477,515,502,489,497,490,503,515,508,398,491,429,413,504,237,508,202,256,502,513,531,511,222,483,306
1000,504,458,490,503,509,494,477,504,501,491,491,433,486,409,412,513,249,503,193,262,462,499,529,491,211,547,308
1000,479,483,494,483,513,481,489,486,502,498,508,380,530,393,415,493,230,503,201,254,506,523,523,485,210,473,310
1000,480,509,501,506,494,490,532,507,486,476,501,408,500,441,414,509,253,504,212,263,496,510,504,494,198,499,300
1000,512,521,514,491,496,495,487,520,517,502,495,444,530,401,393,512,256,521,197,229,439,502,496,483,229,515,312
1000,472,496,519,489,484,511,500,512,465,506,527,415,483,447,400,488,251,503,234,258,471,538,540,466,215,477,337
1000,519,489,508,519,509,491,493,504,511,475,507,419,504,427,388,484,266,508,216,256,498,485,539,488,206,492,301
1000,500,518,511,489,512,497,494,491,506,522,506,386,514,421,393,495,252,505,219,240,494,488,530,489,232,511,335
1000,514,495,483,531,467,507,509,483,497,503,504,403,489,427,410,507,250,507,240,268,460,498,497,493,213,498,292
1000,491,510,493,473,507,509,503,491,509,509,521,393,495,465,419,508,238,497,215,245,499,501,515,495,224,476,311
1000,484,517,506,509,499,482,498,525,511,474,490,408,481,423,403,503,251,488,192,255,481,466,494,514,198,535,318
1000,492,487,494,501,514,489,503,503,483,518,510,386,535,414,392,482,250,511,218,255,487,502,557,495,217,498,322
1000,488,508,505,493,499,516,505,492,470,497,517,443,527,446,433,496,260,482,226,247,508,501,507,522,197,502,326
1000,480,499,509,504,480,502,502,517,519,491,497,416,485,396,415,531,251,532,207,238,490,497,541,499,211,499,312
1000,525,492,492,471,473,519,487,523,494,480,506,413,512,435,406,521,231,497,248,243,507,482,490,514,199,502,278
1000,470,500,491,501,480,506,496,486,469,494,498,399,490,437,396,527,251,509,218,257,495,522,521,502,205,508,295
1000,486,489,491,501,478,509,511,509,503,499,499,401,500,405,416,504,256,505,228,255,472,509,548,536,214,505,275
1000,480,501,494,488,492,525,535,483,506,512,524,445,489,439,442,503,244,516,231,250,499,488,498,478,211,498,348
1000,510,512,529,498,505,556,491,482,495,497,501,408,492,440,410,493,262,508,247,254,484,495,528,476,207,493,289
1000,527,524,495,495,486,487,490,519,495,478,518,416,514,419,407,484,240,472,217,254,486,497,538,522,212,511,315
1000,502,494,507,514,490,498,508,502,480,497,499,420,479,414,416,530,258,519,240,251,490,525,510,499,177,497,312
1000,485,538,487,499,507,513,491,486,466,499,509,445,496,405,381,492,241,500,225,269,475,504,500,487,229,514,321
1000,517,506,504,479,501,507,477,522,506,489,537,410,526,439,430,503,247,499,230,241,491,494,510,482,233,495,306
1000,500,504,494,499,477,483,532,517,502,541,492,408,484,420,419,511,247,504,207,245,469,490,497,522,216,521,317
1000,495,491,510,494,493,488,499,510,504,511,523,409,453,404,438,493,252,512,221,259,468,478,526,465,225,492,317
1000,480,498,489,457,481,502,504,537,504,504,503,405,469,413,433,485,247,509,207,228,497,514,525,539,219,475,311
1000,510,487,506,516,495,467,510,495,503,525,529,420,528,444,413,498,253,495,228,253,497,502,523,504,229,492,311
1000,483,488,518,503,505,510,475,519,496,485,499,421,505,394,410,533,246,505,228,254,498,505,501,539,204,508,279
1000,490,494,502,498,507,483,497,507,515,494,505,424,484,424,431,497,259,509,200,247,485,479,521,491,224,517,286
1000,496,512,510,496,513,484,494,508,487,476,491,429,498,435,396,517,250,507,228,270,476,492,506,486,201,477,283
1000,505,492,520,507,468,515,517,500,485,489,517,396,500,443,403,536,245,497,239,264,488,499,496,536,214,495,317
1000,460,508,520,494,520,509,503,507,483,488,498,420,486,405,383,493,260,521,199,264,506,512,482,528,216,509,313
1000,496,509,501,522,505,520,508,487,478,506,515,460,487,427,421,481,272,497,224,264,464,510,490,516,212,487,319
1000,494,488,485,485,534,504,513,491,491,475,520,454,490,435,422,478,243,501,234,243,487,505,531,491,203,514,315
1000,489,511,489,512,464,494,501,516,494,475,499,409,489,402,383,495,257,491,201,251,491,501,491,495,196,482,301
1000,489,529,476,507,478,516,498,503,525,509,503,411,478,422,400,492,246,503,216,228,491,503,516,490,229,465,316
1000,496,490,495,492,508,496,521,500,516,524,483,409,502,400,416,515,242,456,213,245,489,480,505,485,215,498,302
1000,505,501,517,510,491,491,499,496,503,494,498,389,482,437,400,498,265,491,211,252,510,515,517,512,211,536,298
1000,512,518,520,528,516,477,499,510,497,506,521,422,465,449,439,516,280,518,224,268,497,517,537,492,223,501,308
1000,477,480,482,475,495,499,507,494,524,486,508,428,479,442,426,464,229,528,213,230,497,478,523,490,211,510,306
1000,505,507,498,508,505,493,493,495,487,503,488,419,493,417,384,485,247,454,199,258,521,508,500,494,218,489,301
1000,507,491,487,542,491,513,507,479,494,517,519,424,486,448,411,487,260,517,224,280,466,481,524,493,236,521,319
1000,454,499,485,510,517,501,526,476,511,487,492,422,500,415,403,536,238,504,214,252,509,480,522,492,199,503,321
1000,499,504,494,506,519,493,481,494,501,479,497,411,469,408,413,480,249,470,209,262,484,510,533,493,206,493,292
1000,470,496,496,513,492,502,486,515,496,481,498,422,502,431,399,526,248,458,218,262,478,520,520,505,196,504,294
1000,507,489,480,463,516,506,509,495,497,502,523,436,505,425,422,505,217,505,221,220,484,527,538,497,219,506,331
1000,497,510,530,512,525,498,471,473,520,498,499,431,480,429,383,514,262,509,203,249,499,478,536,490,211,500,318
1000,494,503,495,478,493,504,497,481,484,488,520,419,515,446,406,504,237,490,202,264,463,484,521,475,206,546,331
1000,494,517,487,498,513,516,526,503,527,493,493,424,503,413,419,519,246,496,211,222,510,502,481,480,213,477,316
1000,514,501,492,515,502,494,525,507,530,494,520,411,492,424,404,509,243,465,216,259,516,469,545,508,222,479,317
1000,510,521,509,493,504,522,492,500,495,499,496,455,485,426,416,508,257,517,198,258,475,497,531,501,221,484,305
1000,489,487,505,505,467,507,484,504,536,494,507,425,489,434,432,517,258,490,222,233,477,488,505,496,205,457,301
1000,497,493,477,496,535,504,487,474,515,509,507,438,505,433,411,504,247,507,220,229,451,510,526,479,215,491,321
1000,522,511,489,505,529,512,480,505,481,472,497,435,470,410,400,500,247,521,206,277,486,483,507,492,215,490,302
1000,458,480,508,512,500,498,500,522,489,487,519,402,465,441,399,495,260,507,223,251,482,506,553,489,213,505,279
1000,505,504,506,502,499,490,479,469,482,523,467,389,483,415,408,492,266,497,203,256,507,508,481,501,188,495,299
1000,484,516,495,485,490,493,523,498,514,503,505,436,488,419,422,490,244,502,202,227,483,494,493,494,213,514,315
1000,476,503,505,494,531,477,533,506,514,511,491,409,496,441,385,501,250,497,212,234,498,495,517,486,207,537,332
1000,489,506,504,517,512,511,491,517,512,503,498,383,507,417,431,505,258,488,227,252,449,508,540,503,216,517,291
1000,487,475,524,516,497,523,479,521,502,498,511,398,480,399,406,489,271,466,241,256,497,475,524,511,225,505,304
1000,510,515,524,509,513,508,513,461,492,510,473,419,517,427,415,511,275,505,213,274,458,502,484,524,200,507,292
1000,503,493,493,493,513,512,478,478,499,519,513,422,496,426,419,495,230,498,215,257,534,486,515,465,211,496,338
1000,506,486,508,493,500,486,487,502,487,495,509,420,509,430,396,481,266,499,214,247,470,511,503,495,227,505,301
1000,512,507,499,481,503,479,497,491,501,490,467,410,484,409,378,486,241,503,181,249,482,496,522,498,203,490,306
1000,499,511,493,494,497,491,500,517,521,521,519,422,490,441,420,454,255,508,226,231,476,511,544,529,223,508,319
1000,529,490,476,521,506,481,525,509,508,507,519,407,471,432,416,507,238,520,234,247,484,505,505,496,225,477,288
1000,478,503,502,513,495,487,475,503,533,484,484,417,480,429,432,502,258,501,203,241,486,472,536,492,186,470,298
1000,482,523,527,520,490,524,509,504,501,513,483,406,487,439,425,504,271,492,209,253,486,506,493,508,216,524,302
1000,516,516,514,493,529,521,484,509,496,512,517,422,489,427,416,508,246,481,233,252,476,509,533,516,222,528,343
1000,514,492,496,499,486,483,491,527,471,495,485,403,503,452,374,511,238,505,183,255,496,532,549,507,190,526,310
1000,462,460,518,524,478,520,482,491,531,477,495,404,484,429,408,522,268,507,227,254,470,471,540,491,196,505,270
1000,496,509,479,510,501,518,480,497,510,498,516,444,507,397,423,521,245,525,204,264,506,493,521,519,228,485,300
1000,499,529,512,501,511,516,487,510,522,485,509,414,492,432,419,499,259,503,210,234,500,498,504,508,210,518,318
1000,512,507,497,510,513,488,485,524,503,497,522,411,503,424,398,521,231,502,205,252,494,500,498,497,217,520,304
1000,506,506,497,493,514,494,469,522,491,461,483,384,494,416,405,514,261,519,200,261,491,479,510,476,191,491,278
1000,505,527,490,513,490,512,492,481,470,484,504,432,461,426,430,503,249,501,202,274,474,514,503,495,215,515,298
1000,515,524,508,504,471,505,464,510,506,499,523,413,493,445,425,500,254,508,226,247,474,503,547,495,212,473,311
1000,495,508,518,542,498,495,506,524,507,483,502,439,472,424,401,487,280,489,211,280,460,461,478,501,212,501,304
1000,469,479,460,535,509,501,512,517,472,522,512,413,502,442,421,506,244,502,223,286,490,524,520,506,222,467,312
1000,504,513,494,479,499,527,505,509,486,490,488,416,508,421,399,509,235,493,208,243,502,520,528,509,214,466,300
1000,503,529,484,514,532,455,506,519,541,506,509,416,471,445,444,503,254,474,221,223,482,478,515,502,205,510,308
1000,486,496,485,495,519,466,503,517,506,508,486,419,489,414,419,522,234,458,213,236,517,508,499,513,192,490,305
1000,517,495,500,494,515,490,516,522,491,499,511,415,505,445,415,494,243,498,222,254,482,499,519,514,206,512,305
1000,519,499,486,504,516,499,498,507,526,482,499,426,483,439,397,507,241,529,217,234,501,469,537,463,194,502,322
1000,509,492,487,472,505,502,507,491,510,485,493,432,479,438,409,477,236,487,220,217,480,516,530,481,193,512,303
1000,491,512,484,515,517,534,508,500,536,501,492,424,508,409,414,484,257,482,219,248,493,467,510,522,228,515,306
1000,505,497,516,496,498,503,488,498,503,506,507,445,495,412,427,518,245,504,215,240,477,498,507,495,204,486,333
1000,525,521,485,498,504,481,515,502,468,499,469,433,494,403,422,520,246,503,188,269,485,494,487,514,192,546,313
1000,495,501,502,505,490,497,478,510,503,502,467,397,481,384,411,476,266,480,218,245,503,527,524,510,195,500,273
1000,501,508,504,504,498,494,519,536,480,509,508,411,473,433,386,497,258,498,213,255,490,526,540,507,235,525,305
1000,505,506,495,488,501,468,510,494,475,506,493,442,512,430,393,498,253,508,209,244,473,541,491,492,196,474,309
1000,489,499,498,485,487,498,494,495,504,493,470,411,471,429,410,505,242,484,198,216,494,523,492,487,205,491,293
1000,485,519,490,525,470,496,501,508,517,494,473,431,488,437,393,475,251,465,211,258,468,506,544,500,193,508,295
1000,477,535,501,485,478,489,509,493,510,489,471,415,502,409,417,495,246,510,194,244,490,509,535,510,185,513,320
1000,531,509,480,488,517,488,480,507,497,496,510,431,490,452,415,478,233,490,215,241,510,498,502,477,209,519,294
1000,517,506,515,471,515,509,518,489,510,512,509,403,509,426,398,502,242,509,247,230,501,520,510,511,223,524,306
1000,498,503,485,495,482,493,510,504,496,510,508,397,493,444,413,491,245,490,202,232,514,513,533,484,225,521,314
1000,514,477,474,490,483,489,496,497,499,481,509,399,478,420,398,480,227,527,204,240,490,504,500,515,194,505,293
1000,507,505,502,467,503,520,500,511,499,480,499,440,479,431,415,502,240,502,238,232,470,513,510,477,208,492,282
1000,491,488,509,479,497,474,501,503,486,472,496,432,494,435,395,482,241,495,201,266,487,483,527,495,190,500,301
1000,488,477,488,503,485,465,507,491,501,502,504,400,526,411,417,510,245,484,201,253,485,495,539,492,200,518,313
1000,508,512,500,476,505,484,502,488,498,478,498,426,516,412,421,494,236,500,206,227,458,495,513,495,194,524,322
1000,484,479,509,514,505,497,489,527,493,513,509,406,512,427,411,483,254,495,218,255,494,503,496,514,203,490,326
1000,487,515,494,503,496,501,506,521,485,508,503,407,490,421,397,469,249,514,214,272,473,495,537,528,222,487,306
1000,480,519,482,489,508,489,493,510,517,484,501,442,473,433,433,512,234,492,189,246,495,472,548,532,201,491,298
1000,530,479,501,464,500,500,498,496,498,488,483,412,498,404,410,489,226,516,192,229,464,500,546,493,195,513,307
1000,500,485,495,478,506,521,488,519,510,520,476,442,511,449,421,496,226,506,205,239,498,506,509,485,189,485,316
1000,493,504,494,507,504,494,509,513,509,520,512,412,480,423,439,494,234,498,212,247,480,485,535,528,232,489,297
1000,522,503,489,515,515,479,518,512,508,499,508,433,482,420,399,483,254,479,224,257,490,482,479,497,224,508,283
1000,511,495,517,512,506,512,481,489,499,498,484,414,547,427,419,509,257,478,201,236,508,518,533,508,206,475,287
1000,511,487,483,490,492,519,498,507,500,484,496,429,494,419,413,496,235,490,220,237,485,516,527,461,190,493,304
1000,503,473,500,496,478,492,533,504,499,505,521,398,498,452,419,511,251,470,200,230,458,512,520,482,217,498,317
1000,487,464,517,470,511,507,548,522,500,500,485,409,506,425,393,493,247,517,223,239,481,495,520,511,194,519,313
1000,501,514,518,516,527,499,499,505,518,461,508,410,491,445,394,483,274,517,225,259,500,461,496,496,203,516,296
1000,498,496,519,480,491,503,516,485,500,504,493,434,499,411,395,517,236,493,223,238,514,482,516,500,204,512,311
1000,498,489,501,495,497,510,519,492,506,499,486,439,489,445,404,469,239,510,213,234,514,486,511,509,190,507,314
1000,497,511,501,506,485,496,509,474,496,514,505,407,492,419,398,493,244,521,207,258,478,502,534,518,231,508,297
1000,494,525,499,490,505,480,479,519,497,494,534,399,500,414,399,507,259,495,213,256,477,490,527,512,218,497,340
1000,487,528,523,507,502,506,491,499,527,493,520,439,514,442,415,498,275,512,219,239,492,487,542,479,227,474,308
1000,502,507,506,527,502,504,530,501,511,525,527,397,530,460,425,463,246,497,226,255,497,497,538,523,238,482,318
1000,515,490,498,525,478,505,498,500,508,463,493,418,477,425,408,501,275,505,202,264,526,499,511,480,182,503,313
1000,505,514,475,490,500,494,494,495,512,504,478,412,486,427,389,507,228,508,205,236,494,508,534,499,193,492,311
1000,515,488,507,502,523,513,532,506,529,500,525,387,505,422,433,507,265,498,245,236,498,483,503,506,219,501,308
1000,534,516,470,518,482,510,505,488,524,506,484,401,477,424,399,507,254,492,206,250,491,474,526,499,219,502,321
1000,508,502,512,501,522,519,497,483,490,478,527,436,508,436,383,493,245,528,217,259,476,505,527,483,221,476,313
1000,497,497,512,514,474,516,485,502,483,505,495,440,489,435,411,499,263,485,202,270,503,520,541,513,218,492,301
1000,508,489,492,489,512,535,510,526,480,499,499,401,513,435,396,495,243,488,212,249,461,515,512,492,217,524,312
1000,503,512,524,511,501,497,507,502,506,499,541,410,525,421,411,524,264,519,230,263,496,494,520,491,229,493,318
1000,511,514,497,506,494,494,490,539,525,495,512,415,486,387,403,498,244,481,221,234,459,481,499,503,228,487,317
1000,488,491,527,471,494,514,519,499,481,509,492,427,476,421,402,509,242,484,210,238,524,513,546,495,217,474,302
1000,516,490,477,505,505,524,500,501,522,525,511,437,498,439,437,484,243,512,224,234,495,509,543,476,243,498,293
1000,500,509,514,510,497,488,526,505,516,500,499,433,492,417,399,507,270,484,208,241,482,486,520,496,207,494,331
1000,505,525,488,478,497,525,506,525,488,500,496,418,505,422,368,481,241,536,245,245,506,510,503,488,199,508,304
1000,518,511,525,496,484,480,500,507,494,483,503,404,465,436,405,516,257,520,197,248,476,501,501,528,209,479,297
1000,505,513,513,502,490,485,492,518,497,480,494,430,484,427,421,479,256,493,204,248,447,507,484,499,181,505,310
1000,494,496,511,495,502,464,511,504,473,480,497,436,503,428,415,483,247,476,197,253,504,515,494,487,197,496,301
1000,506,511,484,494,497,484,500,503,495,483,496,399,501,414,393,500,246,482,196,256,472,483,509,477,217,501,280
1000,518,500,471,513,503,493,488,484,487,472,497,410,458,413,420,502,249,503,209,276,476,494,500,483,199,535,300
1000,517,513,516,485,514,500,493,486,499,492,510,418,469,431,425,501,262,486,223,237,517,517,516,500,203,470,296
1000,471,481,523,504,528,501,495,497,522,511,495,415,502,415,405,496,257,473,218,251,507,492,513,506,205,519,292
1000,492,496,506,514,499,502,500,492,497,511,515,422,506,421,416,502,246,490,224,260,496,506,529,466,214,503,320
1000,500,511,468,535,505,497,525,502,492,469,498,453,508,441,385,510,244,498,206,271,522,487,481,483,208,493,307
1000,512,521,497,477,514,493,497,505,495,532,512,428,491,456,420,497,241,499,224,255,474,488,510,479,229,488,322
1000,486,485,513,516,507,493,510,496,501,513,514,409,516,414,439,501,269,506,223,247,485,498,486,500,229,502,295
1000,509,495,516,482,514,509,491,493,461,484,493,426,490,407,400,517,253,476,220,246,478,544,502,515,210,487,292
1000,529,501,524,496,492,478,478,505,518,482,498,422,472,410,397,495,264,489,209,223,471,506,521,505,202,514,284
1000,510,505,495,505,484,505,511,532,495,495,499,425,526,414,387,480,249,474,226,253,482,490,529,501,207,509,292
1000,502,504,497,505,474,480,496,491,498,492,481,405,490,430,373,492,255,512,185,245,486,500,514,475,194,505,312
1000,489,496,484,513,495,533,487,498,481,514,514,404,502,431,423,508,244,504,222,257,494,497,497,511,229,541,299
1000,494,497,542,501,470,510,469,519,482,494,511,436,495,424,403,490,275,450,217,261,495,513,530,517,212,495,306
1000,490,488,493,513,475,526,491,489,474,493,465,423,488,432,403,516,246,488,195,283,504,497,513,470,203,505,292
1000,505,477,492,501,486,502,496,516,520,498,473,425,511,400,403,479,255,498,210,225,489,509,536,475,193,490,283
1000,534,504,485,521,516,510,524,524,507,483,475,425,471,455,401,514,246,500,204,254,495,477,520,498,195,508,319
1000,475,501,522,506,519,521,491,528,511,501,506,413,474,459,417,517,264,516,219,244,520,501,529,507,231,515,296
1000,480,483,515,490,512,490,507,519,507,507,497,406,502,432,396,534,255,534,210,245,458,502,518,495,210,485,294
1000,494,491,496,480,515,497,497,506,500,490,511,390,473,422,412,512,238,482,233,249,478,492,488,480,229,488,311
1000,486,507,494,502,526,501,513,468,503,488,514,414,488,437,407,491,244,512,225,263,482,492,508,502,218,517,306
1000,494,509,492,515,491,480,501,488,497,523,479,407,519,401,391,497,262,493,178,256,516,505,513,506,225,503,311
1000,525,500,484,496,490,496,491,489,485,504,519,406,528,407,419,491,241,471,213,254,505,500,521,492,214,508,309
1000,514,488,488,495,500,500,493,487,489,539,483,423,508,440,410,536,246,513,207,251,485,505,478,470,224,492,308
1000,509,507,489,511,482,512,487,506,524,490,502,407,463,428,433,518,243,470,192,244,462,491,498,515,218,510,313
1000,465,520,500,511,504,525,492,507,475,498,498,403,462,411,404,525,246,489,232,256,482,527,538,506,218,519,272
1000,462,507,500,480,506,492,485,506,514,512,491,391,496,396,420,490,240,540,201,244,491,476,499,525,200,525,327
1000,509,499,509,491,539,485,508,501,526,481,506,419,498,426,424,532,250,503,211,241,506,458,524,501,190,539,314
1000,507,530,499,493,505,514,484,490,515,490,482,416,493,413,422,519,233,523,215,235,492,480,505,500,198,495,290
1000,512,503,505,508,480,545,494,494,536,498,527,438,474,455,396,507,253,510,235,245,482,491,536,485,216,479,341
1000,476,525,510,488,512,497,517,509,500,500,507,421,472,440,433,497,252,460,227,243,474,509,509,497,211,512,304
1000,493,511,482,497,498,507,483,471,494,523,506,392,485,423,443,523,226,480,218,253,477,489,527,528,222,482,319
1000,515,479,491,497,480,494,465,473,499,494,514,416,494,427,389,490,239,487,209,249,492,488,521,493,216,492,328
1000,479,493,490,490,481,515,503,490,500,497,495,409,483,412,400,480,248,474,213,252,510,496,522,505,209,500,323
1000,505,532,484,529,493,497,509,483,492,487,524,425,499,433,383,487,259,502,217,260,466,519,536,512,239,518,304
1000,498,497,505,510,503,517,508,485,494,526,528,395,483,459,439,533,254,524,233,264,500,506,531,522,232,476,314
1000,513,490,501,524,495,498,485,489,518,487,498,400,502,443,406,511,258,514,208,259,484,485,519,498,209,490,303
1000,509,524,515,510,486,517,494,492,492,521,486,414,479,440,403,502,259,474,210,249,500,500,541,491,214,493,308
1000,490,496,478,509,478,523,504,505,506,524,495,431,514,400,422,519,240,494,218,249,496,495,496,527,222,508,295
1000,524,502,526,497,497,500,511,488,526,537,484,407,481,437,416,501,271,487,185,237,464,475,519,515,220,513,326
1000,515,486,501,490,507,515,503,529,505,489,499,407,484,409,424,497,249,483,213,229,490,509,517,538,216,500,299
1000,498,517,503,498,490,512,510,507,472,506,526,389,482,428,405,474,255,486,233,257,488,510,510,504,209,502,332
1000,493,495,512,500,483,477,517,509,480,505,498,403,492,416,407,493,245,502,205,267,479,515,511,492,206,489,298
1000,488,511,500,508,514,495,482,526,473,507,504,429,492,418,422,492,249,506,188,269,460,492,500,512,210,522,312
1000,527,513,488,503,527,484,503,523,474,512,492,435,504,451,396,486,259,500,230,243,499,520,503,458,210,494,320
1000,506,509,529,489,517,484,516,506,489,503,507,417,524,440,410,505,253,492,200,243,476,512,522,492,215,507,311
1000,510,503,497,515,519,505,493,513,482,505,533,426,484,416,417,475,261,506,235,274,476,495,520,509,233,494,321
1000,510,512,497,510,486,510,493,495,487,492,493,407,512,422,410,483,283,521,213,265,480,507,525,500,202,521,286
1000,483,486,499,508,496,482,517,504,479,493,480,428,489,437,421,474,273,497,203,270,475,520,503,497,190,510,281
1000,505,518,485,504,485,500,500,502,508,516,532,427,474,438,420,495,235,487,215,244,479,492,527,511,237,514,316
1000,501,461,515,498,516,491,494,498,509,505,521,418,491,444,413,482,260,501,223,233,520,505,527,503,214,483,309
1000,496,483,488,515,499,504,492,480,474,529,502,409,500,420,423,523,252,493,216,263,463,522,507,471,213,505,329
1000,501,490,503,475,502,532,511,468,482,487,510,430,495,437,407,450,243,494,229,235,483,523,498,485,209,498,306
1000,499,496,513,513,499,508,500,478,486,464,534,437,466,426,426,497,273,509,233,262,517,504,523,475,200,526,320
1000,506,512,492,475,494,509,506,476,484,513,531,430,500,440,408,487,233,502,253,249,492,508,506,470,229,490,311
1000,514,501,525,495,515,529,488,478,511,507,491,444,491,435,411,529,269,520,201,245,506,487,532,471,221,525,301
1000,512,501,515,499,511,493,494,504,520,526,510,420,485,420,412,494,277,493,198,243,499,488,512,506,238,501,316
1000,511,509,490,513,506,507,484,471,521,487,490,392,501,437,395,502,245,480,209,232,482,478,509,478,207,504,311
1000,498,476,496,497,512,525,491,526,524,483,481,407,484,408,424,499,245,491,209,225,468,514,506,525,185,482,306
1000,511,518,512,492,501,472,486,497,505,530,499,384,506,435,413,505,257,532,206,238,491,517,503,523,218,500,305
1000,490,479,508,520,509,521,495,453,514,534,497,419,502,428,418,516,279,514,213,250,513,508,523,469,231,488,320
1000,481,502,484,497,509,490,478,515,530,511,505,430,461,442,434,466,244,490,219,237,452,476,547,496,214,516,302
1000,507,520,486,502,510,490,499,487,496,523,496,387,486,421,421,494,242,528,198,250,481,506,485,483,223,488,301
1000,504,492,477,498,540,478,536,495,499,522,519,392,467,435,411,471,245,464,207,244,502,530,530,517,231,494,335
1000,492,505,519,479,515,501,479,521,510,521,494,404,496,452,398,506,248,507,203,234,483,503,506,512,222,480,307
1000,508,565,507,504,492,506,476,510,472,492,509,415,494,449,389,503,263,508,233,264,487,520,490,518,222,518,310
1000,501,515,501,479,522,502,484,513,483,493,499,422,498,430,421,508,238,522,222,249,521,520,532,524,199,512,300
1000,504,477,502,523,508,487,508,492,512,499,493,409,489,450,414,468,270,499,209,252,454,497,546,516,202,490,294
1000,518,510,489,508,497,522,509,504,485,492,486,418,481,384,392,471,248,474,206,256,514,530,499,489,218,495,285
1000,536,480,481,501,484,509,494,530,522,498,476,403,468,426,408,516,239,530,190,228,493,494,504,534,214,505,298
1000,504,478,492,499,494,515,496,478,495,500,493,375,473,436,421,505,250,506,198,265,483,483,537,507,204,496,312
1000,468,498,499,506,471,495,496,465,515,488,487,409,506,405,400,500,238,502,206,253,493,479,509,511,198,494,323
1000,494,505,506,470,533,484,478,500,497,488,470,416,451,411,405,513,243,509,203,238,471,514,523,492,201,500,284
1000,500,511,501,517,504,517,509,491,475,515,506,431,498,405,424,492,256,483,213,283,482,517,513,497,240,541,311
1000,516,481,515,515,496,510,503,506,508,514,512,434,476,410,429,495,261,484,220,256,485,499,512,493,208,490,335
1000,505,502,512,518,506,476,501,507,473,484,473,412,482,437,409,513,261,493,200,285,488,518,508,521,201,470,264
1000,499,484,496,486,536,490,489,500,524,491,521,435,469,429,414,463,234,492,225,226,472,479,501,466,218,514,311
1000,505,510,494,485,475,473,493,529,502,495,497,398,487,424,396,491,245,503,189,227,508,513,522,513,216,496,300
1000,471,480,519,536,491,450,505,532,467,498,499,414,509,410,388,479,290,521,192,275,480,524,505,490,207,489,293
1000,509,486,505,495,514,526,512,504,490,523,470,418,494,435,418,499,254,496,213,250,498,513,498,531,219,500,285
1000,520,530,486,510,498,508,502,507,528,501,503,434,481,422,417,504,243,493,226,238,473,488,542,520,214,484,294
1000,519,480,501,533,490,487,522,504,490,517,508,411,513,433,420,545,262,506,196,268,488,498,500,510,223,506,295
1000,481,508,524,529,528,524,480,519,505,517,502,426,498,428,416,519,277,492,213,262,468,493,525,479,223,514,311
1000,536,518,478,503,500,492,514,488,473,500,503,433,501,449,410,484,245,490,210,274,485,493,525,495,217,524,285
1000,470,519,510,499,505,534,509,490,500,506,514,413,484,448,433,495,254,494,241,235,494,512,537,483,219,496,334
1000,482,496,524,503,498,521,505,502,487,483,493,418,524,413,384,496,266,486,208,264,449,509,506,500,212,492,302
1000,511,490,493,491,482,496,490,516,494,489,536,442,474,421,408,484,237,516,234,270,485,467,534,512,210,500,305
1000,496,511,500,517,536,500,498,520,529,478,488,404,493,422,420,499,269,507,204,254,493,462,527,505,208,482,290
1000,482,502,485,511,481,529,510,508,499,521,521,440,495,432,407,496,248,490,216,246,497,515,518,476,233,474,314
1000,486,523,473,535,471,475,480,515,517,499,479,402,519,440,398,501,236,475,208,263,474,485,529,487,189,512,294
1000,519,483,489,495,498,507,496,462,496,493,465,392,488,404,406,517,241,510,188,254,480,497,508,476,190,503,299
1000,477,500,487,508,492,503,523,524,514,488,491,424,466,442,401,505,247,519,213,251,450,495,512,512,206,477,298
1000,498,498,476,510,480,524,496,485,525,477,498,389,478,415,392,472,259,534,222,243,524,490,522,519,197,519,295
1000,517,531,501,493,484,495,556,510,470,514,492,423,502,437,431,496,248,511,190,252,488,521,506,496,217,490,314
1000,489,484,507,495,483,529,484,497,482,513,509,404,501,393,416,495,257,508,232,255,483,506,531,489,209,540,333
1000,500,529,530,459,491,508,492,492,481,502,503,429,499,431,386,510,237,489,220,250,502,506,519,502,201,533,316
1000,483,477,507,504,514,531,519,516,484,510,462,384,502,430,424,492,252,522,200,269,488,500,526,479,195,478,292
1000,505,504,511,495,512,509,517,506,488,463,467,415,481,426,384,510,261,495,207,246,501,515,497,493,186,512,312
1000,504,491,506,499,517,491,484,483,517,529,500,415,490,411,403,511,254,476,213,245,487,476,513,479,242,522,283
1000,513,496,484,507,488,503,490,522,515,528,503,382,495,443,409,486,238,497,227,250,496,484,528,519,215,491,331
1000,521,486,500,512,490,508,500,496,493,496,486,405,505,423,399,514,250,517,203,239,488,517,507,500,189,517,319
1000,491,510,502,527,486,512,507,501,483,532,491,428,482,416,419,491,266,509,198,279,495,523,507,521,220,481,291
1000,531,492,497,508,498,501,501,499,470,508,507,426,508,418,399,500,255,506,211,276,482,513,517,507,224,466,301
1000,482,525,494,509,483,476,512,516,479,504,495,428,479,421,430,512,247,489,224,263,493,493,542,484,196,500,303
1000,494,523,527,499,497,486,478,501,525,495,505,424,508,442,412,537,261,486,207,230,488,516,534,495,205,501,314
1000,505,482,498,500,489,496,514,495,474,511,500,434,477,426,403,516,274,514,223,266,501,527,561,514,212,504,299
1000,478,510,504,501,525,506,508,486,510,491,480,437,487,423,418,520,239,460,210,233,483,503,510,529,194,501,295
1000,467,508,489,499,474,506,484,476,530,484,521,386,496,439,387,502,238,519,220,241,460,483,523,486,221,480,302
1000,508,524,512,502,499,492,502,493,502,483,514,431,467,439,413,510,272,492,214,246,456,513,533,517,214,505,311
1000,508,478,510,532,519,497,486,470,513,506,496,444,487,426,402,506,268,469,199,258,504,487,525,519,223,508,302
1000,505,502,477,487,481,470,536,507,486,503,490,419,497,408,412,494,223,498,198,265,489,495,535,514,209,481,312
1000,501,509,508,494,533,490,496,497,463,485,482,404,515,435,408,496,250,503,219,269,482,506,494,506,198,488,293
1000,534,508,487,494,514,478,506,505,497,477,520,436,478,405,417,541,239,507,204,245,497,527,532,487,195,473,329
1000,524,472,464,506,494,517,505,506,519,485,491,375,477,424,405,489,243,500,208,246,506,488,529,504,193,504,316
1000,509,495,507,506,465,512,507,483,498,521,505,409,475,422,458,508,260,527,207,242,480,515,512,515,218,492,298
1000,495,478,504,484,496,472,510,486,508,507,516,411,504,443,431,511,245,496,212,249,497,475,523,507,202,508,337
1000,495,500,507,510,507,512,522,524,511,504,521,451,485,428,430,506,262,532,208,252,478,498,516,512,228,505,320
1000,515,514,514,492,492,530,509,508,499,492,522,430,472,435,407,528,264,518,229,244,493,478,517,485,226,522,324
1000,466,515,498,488,506,505,508,495,477,528,485,432,519,430,428,481,240,492,208,240,481,528,502,497,209,504,321
1000,524,464,505,519,489,501,479,510,496,476,504,409,510,434,380,498,262,483,214,269,459,494,539,480,209,494,290
1000,506,479,507,525,535,505,527,519,492,485,523,422,496,445,410,492,259,518,230,270,476,496,521,522,203,527,336
1000,480,508,503,486,473,522,478,484,524,512,508,392,492,427,414,518,244,490,235,225,500,484,529,508,216,493,295
1000,498,490,472,483,479,493,484,510,515,547,519,436,503,430,412,497,219,501,214,227,502,497,514,519,235,504,310
1000,461,506,489,515,527,494,481,510,493,490,521,420,494,443,408,492,255,485,216,269,492,490,516,522,215,501,307
1000,509,490,505,481,478,497,524,500,491,512,501,391,487,431,398,475,248,493,222,252,484,493,501,489,221,500,305
1000,525,482,483,516,490,489,501,524,512,520,512,402,490,432,436,478,252,491,202,248,496,501,527,507,212,509,315
1000,484,519,508,504,512,480,536,499,499,510,480,417,494,389,392,521,269,493,175,257,483,487,491,485,219,507,320
1000,478,485,499,533,510,493,501,505,518,485,489,417,490,404,416,484,272,514,202,260,491,490,519,492,188,501,301
1000,489,493,520,496,471,504,492,496,500,519,475,422,511,409,401,486,259,500,189,241,488,518,517,486,214,494,287
1000,451,508,474,494,521,480,477,487,496,505,509,409,483,437,366,507,232,506,214,239,505,504,537,497,227,521,298
1000,510,482,523,505,496,493,503,474,487,493,481,415,524,410,381,534,264,498,185,258,461,505,529,534,207,483,307
1000,511,529,484,509,492,495,492,516,513,514,486,426,492,399,411,493,252,480,207,251,504,474,517,501,220,530,311
1000,516,481,505,494,532,497,467,507,492,508,549,444,500,429,425,522,251,506,219,256,491,511,513,489,235,502,326
1000,521,502,484,512,498,470,502,478,491,496,487,441,503,429,405,506,240,492,200,257,492,508,524,501,203,508,292
1000,497,514,505,506,508,527,501,482,502,493,487,412,494,439,420,514,262,506,222,241,470,505,501,523,197,474,300
1000,498,525,509,474,498,485,509,494,498,514,495,428,473,417,422,522,227,499,200,230,525,502,507,500,212,500,327
1000,466,492,497,529,484,522,542,479,479,482,517,431,472,453,395,492,255,484,224,275,526,507,512,469,222,520,310
1000,485,496,492,517,499,492,484,509,477,498,523,407,477,425,398,529,260,503,235,273,496,507,507,485,217,522,308
1000,508,529,479,518,508,507,497,496,502,466,491,411,479,425,404,482,238,491,209,256,469,527,505,519,196,476,306
1000,483,503,522,497,484,483,519,496,492,480,509,421,501,396,387,485,270,523,222,261,528,504,532,542,212,499,296
1000,514,516,486,480,480,510,505,493,501,501,516,408,486,409,438,484,238,490,223,237,492,502,514,508,211,490,313
1000,479,493,525,522,507,480,500,459,504,509,499,387,529,426,401,519,272,512,225,256,475,509,522,498,199,512,320
1000,511,513,480,500,516,480,492,516,495,506,487,422,494,418,422,479,230,471,192,245,500,509,504,497,206,487,323
1000,512,490,501,502,503,522,477,502,479,478,489,409,497,424,396,509,260,495,213,268,500,504,518,507,197,522,296
1000,525,510,521,520,487,495,481,488,509,521,517,428,496,414,410,496,288,511,220,252,498,499,548,477,227,490,312
1000,500,465,506,502,491,488,467,512,484,477,498,405,483,439,417,503,249,515,199,257,477,529,513,477,199,499,283
1000,509,538,481,488,500,478,503,500,523,488,529,400,495,460,420,505,237,482,213,234,489,491,503,481,227,505,327
1000,502,474,492,478,497,510,507,493,481,486,511,399,498,414,391,510,233,500,213,261,493,491,507,477,219,504,298
1000,487,507,507,493,481,512,486,479,478,503,495,403,502,416,398,474,247,497,232,247,475,534,523,477,201,501,302
1000,479,490,481,497,471,509,502,495,536,492,503,405,488,431,384,476,227,527,206,231,493,479,509,508,223,478,300
1000,507,503,495,493,491,490,487,518,487,468,512,382,483,415,397,505,230,498,217,259,488,509,547,506,204,473,292
1000,488,487,499,503,501,496,493,501,499,518,489,410,481,426,424,486,261,508,192,253,508,501,525,478,204,495,294
1000,513,505,488,486,497,493,493,486,508,516,514,388,517,421,410,490,224,479,217,230,501,504,545,511,221,497,339
1000,486,512,464,499,497,484,472,533,497,488,491,412,502,422,407,501,222,487,198,261,509,497,508,545,199,511,286
1000,504,499,502,512,504,505,511,504,488,516,507,424,482,432,439,515,257,499,213,253,492,529,532,518,199,526,340
1000,500,495,497,503,529,499,511,514,493,496,485,431,500,443,423,520,251,474,196,249,518,499,503,521,199,517,295
1000,504,487,526,489,496,507,519,511,471,477,487,396,469,423,398,511,252,501,204,260,476,504,530,549,206,476,299
1000,492,501,527,493,496,485,517,499,526,522,476,410,507,439,440,547,249,495,189,245,500,460,496,504,202,492,318
1000,492,496,520,495,516,459,487,489,500,501,501,394,505,406,396,517,263,533,210,251,506,500,515,531,209,517,305
1000,517,507,514,491,506,472,502,499,529,510,495,413,503,437,437,508,248,495,183,221,478,502,515,529,242,511,267
1000,515,507,489,480,488,527,505,517,481,490,485,442,507,428,411,484,240,486,208,250,483,520,493,509,209,503,304
1000,494,502,504,482,491,506,478,527,487,470,491,414,498,442,409,499,246,509,190,261,482,500,537,501,181,487,309
1000,494,501,501,494,497,503,508,526,492,512,496,423,477,420,444,495,253,499,220,251,497,523,496,485,201,489,305
1000,497,488,485,502,498,494,501,525,518,505,492,407,497,445,404,488,239,510,202,244,480,487,500,492,223,488,323
1000,462,524,509,481,477,518,517,490,506,486,507,408,458,432,414,511,252,494,225,240,501,496,502,479,221,483,308
1000,515,492,501,474,528,494,525,471,488,497,506,448,518,433,424,505,235,502,214,241,461,524,539,502,216,492,305
1000,508,483,505,455,503,503,512,497,493,515,512,409,477,417,409,507,228,504,226,231,502,529,537,471,221,484,317
1000,504,511,505,495,516,510,502,521,496,482,503,433,482,448,393,504,257,455,212,258,472,496,512,502,212,485,309
1000,500,511,507,497,528,491,520,524,502,497,494,423,499,415,419,492,249,503,201,238,509,500,487,460,212,521,289
1000,493,502,521,515,503,487,521,495,507,468,503,446,491,442,403,526,261,495,190,247,471,493,525,492,211,532,296
1000,478,514,498,494,477,473,505,496,467,547,476,397,498,432,390,474,255,492,201,251,454,519,511,481,215,498,310
1000,495,525,498,506,510,509,477,495,462,523,508,387,480,423,431,483,257,512,234,270,487,518,526,503,214,497,312
1000,474,498,470,528,475,534,514,480,493,511,475,414,484,420,383,486,251,504,235,255,518,525,520,494,207,511,275
1000,508,479,520,483,498,504,526,509,497,499,534,401,486,460,400,501,246,485,249,257,493,477,499,494,212,509,329
1000,481,515,512,517,495,482,499,508,505,504,468,399,471,379,388,479,265,495,200,267,484,486,491,502,203,494,293
1000,498,504,521,532,513,504,492,509,512,486,482,397,479,420,396,503,287,485,204,253,493,507,519,499,197,500,304
1000,492,485,485,518,476,499,509,514,527,525,460,420,500,396,423,509,250,499,196,244,480,487,500,517,212,487,290
1000,494,501,485,512,523,505,507,489,487,496,505,420,471,417,400,503,260,483,217,256,480,517,504,503,227,522,293
1000,536,487,523,503,498,516,472,475,513,535,484,403,481,433,428,517,265,505,223,249,481,478,512,515,214,508,293
1000,508,489,470,526,487,506,520,553,520,487,492,414,477,440,415,502,242,516,215,245,502,524,516,528,203,503,296
1000,498,480,507,491,514,491,524,487,516,499,491,420,483,431,419,494,238,488,202,239,454,478,481,476,217,517,303
1000,525,509,492,508,509,507,490,505,464,510,508,443,496,410,398,491,248,502,213,284,471,520,546,508,225,495,305
1000,509,484,516,505,498,486,534,502,478,484,488,412,495,428,394,504,257,505,219,270,475,494,511,510,198,506,289
1000,488,521,488,502,501,466,514,501,479,480,524,422,477,436,370,468,253,469,211,248,494,530,529,474,216,488,319
1000,472,488,530,507,482,493,514,493,487,533,504,398,483,445,412,494,266,513,203,259,465,506,521,491,238,477,298
1000,534,511,498,477,512,477,500,504,503,519,518,396,503,410,431,510,229,506,227,238,499,504,518,471,217,475,321
1000,499,486,524,488,516,512,498,501,506,527,502,415,499,430,438,498,251,468,213,250,491,469,517,502,215,515,315
1000,513,494,495,486,489,499,519,499,496,512,498,401,481,414,401,503,237,516,218,234,473,530,511,514,224,504,299
1000,484,522,497,512,506,513,473,488,526,484,500,443,473,444,397,495,258,521,222,241,496,481,527,484,182,516,310
1000,485,504,492,501,504,491,489,517,489,508,514,408,518,421,388,493,249,517,208,247,490,510,527,507,227,488,307
1000,498,536,509,496,485,515,508,488,480,510,487,431,470,429,401,519,255,515,214,248,475,516,523,517,207,499,333
1000,522,494,513,498,504,488,496,497,484,491,481,419,468,417,419,491,256,494,197,253,504,520,500,527,210,502,282
1000,493,479,470,502,508,487,490,507,482,531,486,410,466,433,408,475,242,506,198,261,475,494,511,518,219,516,284
1000,504,516,478,528,519,501,529,495,512,467,515,439,516,407,406,487,256,496,213,266,467,488,525,488,225,523,300
1000,503,495,470,522,519,488,514,502,501,537,490,404,514,438,398,491,241,522,206,262,470,492,521,494,228,530,302
1000,498,502,504,511,497,516,495,504,499,482,471,390,472,391,408,496,251,519,207,252,494,512,516,502,213,507,282
1000,506,490,487,501,498,503,523,479,504,505,489,459,492,404,408,508,235,510,212,246,479,493,499,487,202,501,328
1000,523,511,497,495,520,483,516,505,487,478,494,430,485,407,404,484,255,532,194,246,495,530,503,509,210,501,295
1000,468,505,505,492,493,513,532,487,496,512,484,411,496,464,402,474,253,484,205,251,510,503,517,513,211,517,317
1000,508,507,506,513,505,506,495,524,478,480,477,435,477,418,402,500,259,509,197,272,452,511,542,509,203,506,291
1000,472,501,504,481,507,514,509,495,515,509,503,412,469,415,433,506,248,492,227,236,484,480,523,495,202,495,314
1000,509,513,476,496,517,485,480,530,521,496,508,414,488,416,420,498,239,487,211,235,514,506,518,499,216,508,301
1000,503,516,502,462,481,504,526,494,516,498,492,384,488,385,416,508,240,511,228,228,500,489,505,520,226,519,289
1000,504,480,484,512,496,506,492,494,495,506,502,453,482,440,405,498,240,474,197,249,485,505,506,525,221,502,301
1000,490,491,503,476,491,501,498,488,495,487,479,411,492,392,428,503,247,488,202,251,504,511,504,496,188,502,281
1000,482,513,492,492,518,516,501,506,519,491,511,411,500,429,383,490,254,468,224,223,472,496,511,484,233,519,315
1000,502,467,513,510,488,517,504,503,495,531,488,406,472,435,438,519,254,464,192,277,492,476,503,518,214,506,313
1000,496,488,507,503,480,525,505,518,500,484,477,424,479,401,426,526,273,483,208,245,490,505,532,503,182,496,296
1000,507,489,487,501,511,481,516,511,505,476,518,441,498,413,385,480,251,485,199,263,471,488,534,508,220,516,297
1000,496,512,497,504,496,519,512,506,491,503,515,407,490,405,436,514,251,499,226,262,474,515,515,515,223,486,321
1000,512,489,506,527,501,506,521,487,496,500,460,429,475,403,397,498,274,513,206,270,479,501,498,503,186,498,317
1000,490,512,521,506,519,491,489,514,502,501,503,441,493,447,404,509,261,508,209,249,505,508,491,510,224,507,276
1000,499,510,528,493,497,501,502,489,526,517,462,421,481,438,401,519,254,485,207,239,493,456,504,519,194,483,313
1000,485,538,482,497,503,500,503,497,490,509,490,413,504,409,419,483,243,484,209,256,495,502,489,513,217,501,308
1000,510,506,492,486,501,491,494,472,504,492,502,414,492,412,405,510,241,507,214,249,502,461,508,484,208,534,285
1000,489,520,519,506,486,515,501,479,485,506,488,407,468,429,411,497,263,523,218,257,478,513,517,468,209,498,305
1000,515,491,482,501,515,495,501,481,509,484,476,413,476,418,428,497,230,472,191,256,481,481,531,529,192,501,297
1000,468,490,506,497,492,501,514,486,501,531,502,427,516,422,411,512,258,522,216,260,479,504,509,469,234,503,298
1000,494,491,505,488,505,488,503,492,515,511,471,409,495,443,406,477,253,487,191,253,459,478,517,516,196,491,307
1000,495,524,512,526,476,475,479,515,493,481,536,409,490,435,401,496,269,513,218,269,483,473,506,528,208,473,320
1000,461,491,499,516,496,499,521,495,499,495,521,414,488,420,403,503,255,501,223,265,483,498,505,513,222,500,327
1000,505,480,511,498,509,513,516,444,489,483,512,430,507,439,395,495,276,513,237,253,493,492,489,499,198,484,291
1000,498,497,500,544,502,520,498,509,497,502,476,407,499,398,422,504,276,491,216,268,506,508,477,504,179,509,309
1000,514,508,509,489,486,505,488,489,509,478,499,420,488,437,397,518,258,504,221,238,502,483,558,499,212,517,286
1000,506,510,504,488,502,476,466,520,507,504,505,435,476,428,420,499,254,509,197,227,487,525,518,512,217,495,287
1000,496,512,473,445,502,500,500,517,502,485,511,419,520,443,448,491,208,483,218,204,493,518,492,496,201,511,320
1000,497,488,503,494,465,500,490,512,514,492,517,439,499,394,418,492,245,504,219,232,509,516,518,503,219,498,287
1000,477,503,530,495,468,487,472,486,487,521,516,410,484,448,449,509,256,510,208,266,492,500,521,497,221,484,309
1000,496,488,502,506,496,478,519,526,490,482,522,404,481,433,419,508,257,514,232,257,474,493,514,478,210,471,292
1000,498,473,477,490,494,460,494,518,485,482,484,361,477,401,416,485,249,493,176,248,506,511,507,492,188,502,307
1000,487,491,481,493,522,498,499,490,504,515,491,427,506,404,404,478,250,520,218,254,504,475,534,521,203,491,292
1000,514,489,488,521,498,473,507,489,525,492,498,398,484,431,381,501,248,490,215,246,487,486,544,518,197,481,323
1000,507,503,496,499,511,523,513,501,505,511,507,416,526,418,411,513,243,512,231,245,496,487,502,512,225,492,323
1000,510,491,498,485,500,500,499,495,493,476,484,434,486,406,406,519,237,490,209,237,500,514,513,511,191,487,311
1000,493,485,508,482,509,500,516,490,480,495,504,417,482,434,414,519,244,508,216,244,477,515,495,478,212,490,301
1000,497,500,491,484,505,507,479,493,497,478,517,422,503,420,406,499,249,504,222,253,465,489,532,513,216,516,292
1000,493,514,506,486,473,508,514,531,503,522,502,423,490,434,409,520,247,495,214,246,484,476,516,519,226,519,311
1000,500,506,498,514,496,519,483,499,527,480,499,411,468,443,377,477,257,488,219,255,489,501,527,504,210,487,302
1000,500,485,510,483,514,513,483,507,511,485,515,415,485,426,389,481,241,512,215,225,531,512,533,489,231,484,311
1000,488,499,512,493,526,480,450,513,482,489,504,409,501,429,399,495,242,509,200,251,471,525,533,491,221,473,276
1000,496,503,512,501,501,511,501,487,513,466,507,409,470,432,417,471,265,503,243,242,476,501,503,512,192,512,313
1000,506,511,510,519,500,487,488,508,511,511,515,401,504,418,408,503,271,534,215,248,494,503,535,453,223,494,322
1000,544,496,476,507,474,527,494,501,500,523,471,426,489,440,418,486,228,479,203,236,472,554,502,499,225,487,281
1000,500,509,525,515,482,491,499,495,508,502,533,427,480,435,427,525,256,496,222,254,521,498,527,501,227,511,327
1000,508,507,474,486,493,478,510,486,489,487,497,420,515,447,403,490,223,462,182,235,476,516,518,504,205,495,312
1000,512,486,496,497,502,484,490,498,488,513,489,436,495,394,431,537,244,521,219,247,473,520,528,494,195,523,301
1000,480,487,515,503,489,486,507,504,490,502,497,402,481,436,393,490,267,529,215,259,499,501,523,499,210,496,279
1000,523,508,509,513,484,536,490,508,487,482,509,406,498,424,396,505,265,497,221,284,500,489,544,498,208,485,310
1000,495,525,478,501,498,512,482,521,484,469,504,416,491,389,423,489,241,499,219,253,481,516,516,523,193,551,306
1000,511,469,474,482,486,479,492,524,515,480,482,384,480,424,417,485,238,503,191,244,521,479,520,496,181,478,312
1000,498,496,500,531,483,518,470,517,483,499,507,413,475,410,415,475,260,491,218,300,508,495,506,481,210,477,322
1000,475,514,506,460,491,512,483,494,476,504,482,396,474,419,390,472,244,484,206,230,506,492,515,486,213,489,305
1000,484,523,540,509,512,505,509,505,462,485,495,404,493,409,384,515,293,485,216,268,465,523,543,502,211,497,309
1000,526,480,491,521,492,519,501,482,514,486,478,433,492,418,409,502,258,490,180,247,505,503,519,494,191,517,310
1000,530,513,522,483,496,498,510,506,490,471,486,399,495,426,386,505,248,540,213,250,505,501,503,487,188,550,291
1000,497,494,526,481,485,482,491,506,489,471,507,414,500,431,371,518,247,519,194,236,485,512,527,496,206,509,304
1000,501,484,488,488,513,521,494,502,505,522,528,443,499,425,411,522,247,505,245,243,479,482,506,494,236,547,304
1000,498,489,524,508,499,495,506,509,506,487,525,424,486,432,415,486,265,501,211,241,501,519,530,482,226,515,312
1000,473,483,478,510,505,512,527,503,488,498,502,426,495,440,378,524,227,508,216,260,482,486,530,479,209,506,316
1000,486,500,457,511,490,482,518,507,493,508,485,412,480,416,423,483,235,516,197,258,507,515,525,492,213,469,296
1000,527,513,497,506,523,461,522,495,494,513,500,404,492,436,426,508,256,499,209,256,504,504,512,470,205,489,315
1000,496,513,482,522,486,493,479,509,532,517,521,427,502,425,416,489,259,460,221,239,475,504,508,500,232,461,303
1000,498,497,518,504,519,516,528,521,503,502,503,438,502,408,430,456,257,490,232,254,481,490,499,483,212,501,316
1000,497,489,502,519,504,475,491,510,500,498,480,407,493,442,434,510,259,520,183,270,501,490,486,508,197,503,301
1000,480,490,515,481,485,503,479,502,506,498,513,416,489,440,405,503,242,497,225,236,458,477,499,492,212,523,294
1000,461,482,503,527,512,496,520,493,533,477,509,408,467,431,430,504,260,504,220,258,447,472,515,493,202,519,308
1000,497,478,487,514,484,509,503,461,491,507,536,418,481,431,419,472,251,500,229,267,465,521,556,490,225,511,320
1000,514,507,510,521,496,484,491,484,515,535,503,386,527,426,419,490,272,509,215,253,475,492,540,508,224,489,315
1000,513,478,489,486,477,479,494,546,496,476,512,401,509,425,416,504,245,500,185,232,488,506,536,512,214,507,286
1000,492,494,497,518,502,498,488,493,486,483,518,410,515,443,416,500,267,484,234,268,495,490,534,515,205,476,285
1000,502,498,508,496,500,493,482,478,490,498,491,390,502,415,407,521,242,527,180,273,495,486,530,484,214,501,317
1000,486,544,514,502,483,516,492,479,483,496,523,414,482,428,411,530,270,517,247,250,487,516,550,511,205,512,302
1000,470,479,509,510,516,505,494,501,494,491,527,405,502,415,420,503,262,509,231,273,482,488,511,505,220,519,299
1000,513,501,498,515,511,473,482,517,498,493,497,389,476,425,427,507,253,498,215,251,473,505,527,522,207,524,296
1000,530,485,524,514,507,499,486,509,505,490,497,382,494,428,396,505,270,528,204,255,494,483,526,489,212,492,307
1000,505,474,517,503,506,459,511,508,511,505,516,390,494,427,414,509,250,490,207,252,498,493,522,488,220,501,308
1000,493,505,492,489,503,496,484,488,468,517,522,427,474,418,406,492,241,525,216,248,500,502,528,467,233,514,333
1000,515,503,488,492,487,509,495,478,524,489,460,392,468,411,400,477,248,476,206,226,505,489,517,533,190,531,301
1000,488,502,496,499,517,491,498,504,511,517,498,409,496,406,414,509,261,501,213,240,481,497,472,514,217,496,319
1000,520,518,499,503,499,523,543,480,493,509,471,443,491,430,408,499,245,512,200,254,524,506,520,491,210,471,331
1000,529,518,520,487,488,482,492,504,470,506,486,420,489,390,411,520,252,526,212,263,486,525,529,499,202,484,294
1000,496,525,480,520,520,511,493,520,489,508,471,399,472,429,415,501,251,488,194,267,493,515,520,516,214,496,303
1000,506,487,512,483,487,496,507,498,490,504,511,423,520,415,407,500,243,510,232,250,498,487,537,519,213,496,305
1000,494,474,496,508,513,513,510,509,493,500,501,449,489,418,415,512,248,511,206,249,514,505,530,503,222,475,288
1000,507,514,521,491,498,477,498,514,486,545,494,425,507,419,422,496,258,529,188,262,462,487,520,518,226,531,321
1000,477,509,496,482,512,509,502,496,469,485,470,391,473,442,412,508,237,510,224,254,487,514,524,489,191,483,299
1000,510,513,488,511,524,521,516,529,537,493,499,436,483,439,422,505,242,497,233,253,454,455,526,506,207,493,305
1000,493,478,483,523,478,509,491,497,486,513,511,426,465,403,412,493,267,503,223,282,492,469,516,509,229,488,291
1000,504,520,526,504,498,490,518,499,463,515,523,431,460,419,438,501,254,511,224,262,502,518,498,487,228,485,314
1000,526,475,507,516,493,505,513,484,495,496,498,436,499,428,415,505,264,530,190,265,497,492,512,486,209,498,303
1000,521,487,488,511,506,499,486,505,526,474,495,414,494,418,409,515,238,480,196,232,521,485,504,474,204,527,311
1000,515,471,517,497,526,528,469,482,514,492,510,425,501,451,434,493,256,486,228,235,503,512,517,515,210,503,291
1000,494,517,493,461,510,510,507,462,509,482,527,424,491,410,422,504,237,517,248,238,500,489,529,489,216,517,316
1000,531,506,499,500,480,516,486,505,480,506,522,393,510,415,429,514,252,486,223,259,474,496,521,501,224,509,322
1000,469,499,507,494,503,498,479,495,505,503,511,399,495,417,435,510,247,515,233,241,468,505,532,480,199,505,316
1000,482,490,514,514,509,480,452,515,487,524,504,410,517,427,391,488,273,516,220,253,475,518,544,494,215,492,292
1000,520,482,500,511,499,503,526,471,491,494,496,407,461,460,409,536,263,513,202,249,504,522,506,496,211,513,301
1000,492,497,513,465,494,518,492,498,466,496,518,425,483,431,435,511,244,510,213,247,482,508,540,496,220,494,288
