simulações,n0,n1,n10,n100,n101,n102,n103,n104,n105,n106,n107,n108,n109,n11,n110,n111,n112,n113,n114,n115,n116,n117,n118,n119,n12,n120,n121,n122,n123,n124,n125,n126,n127,n128,n129,n13,n130,n131,n132,n133,n134,n135,n136,n137,n138,n139,n14,n140,n141,n142,n143,n144,n145,n146,n147,n148,n149,n15,n150,n151,n152,n153,n154,n155,n156,n157,n158,n159,n16,n160,n161,n162,n163,n164,n165,n166,n167,n168,n169,n17,n170,n171,n172,n173,n174,n175,n176,n177,n178,n179,n18,n180,n181,n182,n183,n184,n185,n186,n187,n188,n189,n19,n190,n191,n192,n2,n20,n21,n22,n23,n24,n25,n26,n27,n28,n29,n3,n30,n31,n32,n33,n34,n35,n36,n37,n38,n39,n4,n40,n41,n42,n43,n44,n45,n46,n47,n48,n49,n5,n50,n51,n52,n53,n54,n55,n56,n57,n58,n59,n6,n60,n61,n62,n63,n64,n65,n66,n67,n68,n69,n7,n70,n71,n72,n73,n74,n75,n76,n77,n78,n79,n8,n80,n81,n82,n83,n84,n85,n86,n87,n88,n89,n9,n90,n91,n92,n93,n94,n95,n96,n97,n98,n99,n193,n194,n195,n196,n197,n198,n199,n200,n201,n202
1000,480,520,504,493,475,491,517,487,511,508,508,495,487,510,488,512,502,502,486,487,499,504,452,532,506,504,486,496,526,468,472,511,504,483,498,489,526,511,518,499,511,531,524,499,496,496,496,505,519,501,528,500,498,506,494,489,498,514,505,497,504,488,510,500,479,477,493,520,518,529,521,513,510,503,469,508,496,519,481,478,510,501,497,508,493,491,519,499,514,478,504,511,496,506,513,496,476,522,498,461,466,479,481,504,511,520,497,491,533,489,473,503,515,505,517,484,477,455,506,526,527,495,508,497,502,536,480,481,493,487,481,511,489,516,533,490,482,494,496,520,502,496,497,497,521,481,493,482,504,505,488,505,476,532,510,525,493,503,503,474,511,518,465,487,520,500,497,484,490,515,497,484,472,518,481,518,524,480,478,508,480,495,513,508,505,531,503,488,496,489,514,506,497,480,472,492,490,512,505,497,500,491,477
1000,473,488,478,501,455,496,511,501,484,488,508,513,517,508,512,480,484,509,493,463,497,521,479,467,518,514,506,498,503,484,484,510,505,503,508,518,502,492,485,487,482,501,487,485,489,506,499,511,499,500,487,489,478,498,487,501,511,479,504,486,523,494,498,481,506,498,498,491,520,487,498,531,474,508,489,512,508,480,492,481,519,474,482,496,503,525,470,527,478,516,498,490,506,514,526,499,506,522,482,493,506,486,498,516,513,500,483,523,501,517,481,485,508,500,515,473,481,497,510,493,503,488,481,512,473,486,512,490,512,513,527,486,470,518,509,495,501,515,495,528,520,505,508,503,491,491,491,513,461,522,481,515,518,490,488,539,517,501,478,480,501,499,494,522,468,490,507,510,491,502,511,497,492,492,506,496,503,496,484,506,499,498,487,510,482,504,530,485,541,518,483,476,519,525,479,511,506,497,472,526,506,513,494
1000,484,474,512,512,488,497,504,517,492,492,523,506,501,501,505,491,501,481,515,491,491,508,498,498,509,517,475,527,485,498,517,517,512,522,514,520,517,499,509,523,485,505,508,495,490,487,505,500,483,481,514,512,498,479,480,500,466,469,497,497,497,507,497,493,505,476,517,502,510,485,483,527,474,508,503,495,483,497,464,520,513,508,502,475,476,515,531,491,513,511,506,507,515,513,498,514,463,513,518,494,479,476,482,485,501,515,495,512,483,495,489,517,517,519,503,516,523,490,480,501,511,497,477,490,512,529,493,503,518,487,489,515,490,515,515,475,510,523,508,491,523,474,488,510,506,528,505,521,512,523,511,496,499,502,479,495,475,494,518,495,479,497,488,494,473,470,505,484,512,499,494,486,498,524,489,516,484,530,488,486,495,493,499,501,519,515,481,486,523,489,504,498,485,485,521,479,508,503,514,473,485,488,499
1000,481,475,461,507,511,494,515,487,488,483,532,492,509,510,500,491,501,491,521,492,500,519,489,532,507,506,473,526,514,511,517,512,513,486,498,502,493,488,510,486,451,491,496,456,488,494,503,535,495,496,498,490,513,488,528,529,507,512,515,512,507,508,504,488,494,483,500,479,504,496,485,507,495,492,502,511,519,506,489,484,471,485,513,492,518,502,509,528,520,494,516,498,485,518,484,503,481,486,503,509,492,491,499,522,491,505,527,504,487,526,495,478,515,494,490,489,482,486,510,496,501,510,492,483,500,491,501,487,494,486,472,505,546,515,505,508,485,487,511,499,507,512,497,491,474,500,510,497,511,499,510,528,529,514,495,506,494,545,501,492,495,481,513,498,499,514,469,540,531,534,502,507,520,498,503,528,464,517,488,494,528,498,489,502,494,496,509,519,531,509,511,486,505,474,501,502,498,500,504,500,494,508,515
1000,480,491,510,504,503,516,499,489,491,525,500,534,509,505,537,481,487,519,484,521,478,514,509,515,492,522,509,484,511,500,531,532,499,496,479,485,505,503,525,491,505,509,519,507,511,502,513,521,490,497,493,485,502,517,511,495,510,502,510,485,495,465,501,505,480,503,498,478,518,515,492,478,521,522,493,493,519,501,517,490,501,474,503,510,475,475,490,479,519,510,512,488,513,528,460,497,493,498,518,501,468,465,483,494,527,539,482,488,514,482,495,498,509,504,512,487,509,493,502,510,515,485,529,529,490,518,477,518,482,493,492,504,489,505,488,518,502,495,488,482,518,534,497,518,499,501,501,492,479,480,534,526,487,501,485,488,512,479,494,520,497,495,516,481,499,478,507,482,512,537,485,501,481,501,521,476,502,477,507,490,488,468,516,488,509,483,506,504,514,480,503,520,471,496,462,471,516,482,498,512,490,482,480
1000,498,479,517,496,492,516,496,502,469,492,512,493,514,481,491,529,517,496,507,523,499,513,492,492,492,484,521,481,527,499,521,505,490,485,505,501,483,520,510,524,506,486,487,474,509,475,452,509,519,499,509,492,490,522,513,533,486,506,484,500,476,494,472,494,494,485,510,509,529,516,507,494,498,453,469,494,519,502,468,527,475,509,505,499,495,505,502,492,492,476,493,493,469,523,498,500,506,496,478,501,516,483,527,512,504,479,513,479,508,512,536,495,511,533,522,486,493,466,495,500,513,491,524,495,503,492,515,467,511,483,491,491,491,489,513,456,497,495,511,510,513,534,512,502,503,491,518,482,529,484,475,503,507,464,521,501,487,482,480,485,470,513,519,466,516,513,506,525,498,494,477,516,487,503,496,501,507,478,497,490,489,473,526,485,511,479,488,518,520,486,511,490,501,490,466,503,509,492,504,482,516,485,479
1000,465,479,486,511,486,497,495,484,480,514,476,503,504,510,496,494,487,514,505,509,528,493,525,485,508,486,519,505,509,515,463,503,502,506,513,488,489,511,493,529,470,505,504,524,481,479,470,494,505,456,502,514,513,539,472,493,506,508,497,507,491,515,478,512,482,507,491,508,513,516,486,481,517,535,491,518,515,525,508,495,529,501,493,500,506,491,502,508,496,486,515,485,484,491,483,502,503,521,514,487,494,485,529,497,509,502,510,527,475,480,498,517,483,501,482,486,499,499,509,517,525,505,522,482,509,497,527,475,485,474,505,477,481,502,499,536,508,512,478,494,493,499,504,499,478,490,504,471,510,490,499,512,493,497,508,524,515,486,508,474,504,482,505,492,519,494,488,478,522,474,517,483,522,494,539,496,495,491,511,529,498,506,516,493,480,492,479,517,497,435,499,489,500,500,483,502,508,486,508,480,511,439,521
1000,505,502,492,495,467,500,499,500,503,496,481,488,540,496,514,480,511,491,503,487,510,468,488,494,501,477,484,469,502,526,488,526,510,490,509,487,544,489,506,452,518,507,503,498,502,507,509,482,506,490,510,459,509,489,466,501,516,481,457,506,495,502,492,507,499,489,508,517,494,516,519,487,532,503,526,488,473,501,501,492,501,548,494,533,537,519,492,511,494,477,493,492,522,515,483,496,512,492,498,519,470,514,475,516,494,511,491,497,509,501,480,514,508,503,502,512,483,477,512,503,474,500,513,469,477,494,497,517,482,518,521,518,510,508,517,477,522,519,538,476,490,499,501,499,501,486,495,512,503,503,513,498,471,477,507,511,489,489,501,490,500,528,515,483,490,505,490,482,507,520,513,485,492,486,483,487,488,510,515,522,500,494,488,506,499,497,503,484,510,482,512,520,492,523,501,491,497,490,478,505,497,492,492
1000,490,485,513,507,463,486,488,499,526,466,516,486,492,498,489,483,506,510,504,505,501,529,493,474,510,518,512,500,519,479,513,482,496,494,515,485,496,473,493,530,486,511,524,511,506,524,500,521,495,520,509,489,479,525,511,480,511,483,497,498,509,527,487,514,506,486,511,497,519,478,470,480,469,499,518,494,507,491,485,494,486,480,491,547,502,499,524,486,498,523,506,502,499,508,512,481,530,490,483,488,487,493,506,471,507,536,506,501,516,485,462,484,489,519,498,528,476,525,479,529,540,511,505,493,476,503,500,512,514,499,479,495,490,517,506,500,501,499,501,508,490,517,513,493,494,510,533,517,515,498,501,523,516,469,484,476,512,512,513,510,492,502,499,494,517,498,517,478,500,504,518,514,490,515,488,507,489,517,516,509,498,491,506,492,496,519,505,502,527,483,488,505,487,479,504,493,521,496,469,506,513,490,487
1000,478,474,503,502,515,468,494,476,512,484,493,520,522,492,506,502,499,521,512,484,527,510,520,488,505,517,476,474,516,496,503,521,516,518,492,497,489,479,514,489,494,495,496,490,505,478,503,489,511,489,502,497,499,506,494,499,510,482,513,489,501,484,499,463,511,538,499,500,530,499,503,520,498,510,532,474,511,502,532,513,504,514,498,488,523,467,506,494,488,488,505,510,498,497,487,518,524,488,516,517,486,511,500,481,493,473,516,474,516,495,509,479,481,489,472,481,520,490,504,489,517,495,492,499,505,473,508,506,495,492,509,505,491,464,492,512,492,491,480,502,536,508,514,490,517,498,511,486,506,494,500,492,480,486,490,502,501,504,522,503,480,517,489,481,506,503,497,492,488,498,518,483,520,492,520,477,501,491,462,504,496,486,503,508,520,482,503,504,514,495,481,482,478,504,482,484,524,509,503,508,511,499,517
1000,531,520,483,507,489,506,515,492,508,507,503,479,498,499,512,504,490,466,510,481,485,509,494,502,478,487,494,506,491,504,511,515,494,483,483,498,499,510,512,468,494,486,506,502,488,495,491,518,514,471,515,509,508,501,513,496,495,501,497,505,507,520,494,520,506,530,503,499,501,516,508,534,508,474,510,514,510,506,482,507,499,505,528,514,472,529,514,497,502,510,491,507,486,483,514,512,513,513,513,528,511,477,521,479,509,494,485,513,472,522,482,507,514,502,514,519,506,471,508,507,476,487,512,497,491,498,500,501,503,480,513,489,515,489,509,483,533,500,510,491,496,514,502,510,506,506,490,500,476,504,524,506,500,511,519,490,484,462,500,481,459,511,495,499,506,479,489,484,522,518,520,489,468,498,482,499,481,486,472,502,470,503,493,528,508,486,489,489,499,501,527,482,464,513,475,464,492,511,496,487,505,497,476
1000,510,500,517,502,513,485,486,527,469,482,527,499,507,479,497,501,497,491,493,466,483,496,500,502,490,497,490,494,481,520,518,469,475,557,483,496,492,509,491,497,502,495,514,505,490,487,496,497,486,518,511,506,499,473,490,508,500,499,451,499,521,523,491,513,483,498,484,516,502,513,494,473,499,501,517,496,486,503,486,502,510,500,479,470,503,481,518,482,522,494,526,490,478,506,485,473,519,496,489,505,503,497,538,516,514,492,484,499,479,501,481,479,504,523,493,515,504,461,493,494,495,482,490,519,512,505,526,490,504,516,500,528,495,492,509,514,506,502,475,476,524,492,485,505,483,526,480,479,500,497,516,512,527,492,503,524,530,504,499,527,518,479,506,485,465,486,503,517,510,495,523,485,513,495,513,507,509,498,512,521,494,502,504,488,520,520,496,489,491,495,474,472,492,503,489,496,467,491,517,497,490,495,509
1000,487,458,469,490,486,520,494,515,487,517,494,474,463,508,488,494,513,505,485,461,504,494,464,487,497,492,495,496,519,489,496,492,478,486,501,506,533,510,479,474,489,504,513,517,487,487,479,488,509,490,474,484,503,481,483,484,474,530,510,524,485,485,483,512,488,474,486,488,493,515,470,537,490,503,506,521,482,507,493,492,515,508,510,504,481,507,512,494,509,491,478,504,483,510,481,492,491,496,507,503,486,499,501,491,527,485,509,522,485,495,520,510,521,517,506,508,495,482,517,528,486,520,509,516,468,516,514,507,493,492,507,500,527,486,489,493,521,482,513,498,492,504,529,503,491,482,515,503,493,506,528,504,495,505,498,492,500,487,501,487,504,523,483,504,493,514,512,505,488,512,491,510,519,512,505,496,474,507,501,507,538,517,500,519,490,486,488,492,475,473,479,487,507,515,492,502,522,505,462,475,525,475,518
1000,522,501,488,539,489,489,507,495,524,491,509,482,496,494,480,516,500,529,500,533,508,519,507,472,518,553,497,499,487,483,511,526,526,508,537,526,505,491,507,487,501,489,508,513,464,510,520,476,478,475,506,491,492,510,485,492,496,494,487,507,513,499,508,486,490,479,510,500,510,498,479,484,495,529,482,489,490,519,522,483,504,491,483,511,502,505,496,489,526,488,492,510,485,506,506,509,473,503,490,521,496,501,476,511,514,500,511,485,498,487,494,519,510,531,486,489,496,482,474,514,474,488,495,497,485,519,483,470,498,495,517,495,529,511,487,493,511,469,504,492,538,518,487,483,500,489,474,475,519,495,521,527,518,509,477,497,500,503,458,523,502,482,499,497,494,516,485,511,510,448,509,482,496,507,483,503,489,470,521,474,506,508,479,491,533,491,484,489,526,508,476,511,469,516,456,469,470,514,483,484,485,509,498
1000,501,514,484,535,483,495,471,521,476,475,488,495,483,502,522,496,515,510,505,495,520,472,492,490,524,487,518,514,507,507,479,488,504,530,507,515,502,492,492,535,491,525,519,493,485,529,491,484,500,505,489,484,495,496,486,489,477,520,504,517,548,507,483,503,519,495,489,489,467,463,462,494,486,502,499,489,478,498,506,491,495,492,503,497,480,507,514,487,508,487,497,490,510,488,487,496,494,488,500,504,502,506,469,483,493,510,524,512,491,497,484,479,489,479,487,490,457,480,508,519,504,503,532,523,509,506,503,507,490,476,514,510,495,482,509,521,494,501,475,478,508,515,504,496,468,522,518,500,503,500,507,498,500,462,540,516,489,497,491,482,507,495,504,514,479,508,496,471,503,521,515,507,488,489,507,483,507,516,528,494,510,504,494,482,502,513,508,485,517,491,488,500,517,508,500,521,514,499,507,501,501,487,491
1000,485,489,505,515,498,506,511,521,497,519,495,517,518,497,508,520,521,478,495,519,525,511,504,482,513,490,481,497,507,488,507,534,503,492,495,515,520,497,510,501,528,517,509,503,506,502,496,500,493,494,513,498,502,502,516,476,470,484,511,510,505,494,493,524,514,466,510,506,500,507,481,516,496,475,478,486,486,529,512,504,494,506,495,497,507,494,506,481,509,512,508,531,518,542,513,497,487,491,507,534,492,495,499,482,490,516,504,525,499,485,508,519,482,494,509,500,486,502,526,490,500,490,494,522,487,495,486,515,477,510,513,495,490,516,490,518,536,482,510,488,495,492,495,522,496,525,509,495,510,493,509,501,477,526,498,510,510,493,486,498,480,494,494,464,506,499,513,480,499,508,516,507,485,510,482,472,501,518,523,426,524,488,515,487,524,492,507,480,513,469,507,487,499,507,504,497,492,534,485,502,498,465,489
1000,490,485,516,490,512,485,497,512,518,511,504,499,505,506,501,486,502,489,491,502,541,491,497,497,482,500,502,495,484,501,517,501,511,487,463,502,515,526,502,471,528,493,532,485,463,494,505,495,488,501,509,505,520,510,483,502,498,501,506,468,526,487,504,504,518,522,493,506,497,509,464,476,496,472,517,492,492,526,510,515,519,509,507,484,498,517,514,493,497,473,493,505,508,487,517,446,489,481,471,501,472,466,508,526,496,479,478,510,528,491,493,518,510,498,499,521,473,486,489,486,475,489,501,512,492,507,479,499,476,493,501,495,500,488,513,515,487,488,470,500,511,474,529,472,511,516,497,508,543,514,497,499,493,492,504,497,491,513,499,490,509,493,526,529,498,486,530,517,462,502,511,488,527,525,473,526,501,502,504,490,513,498,506,488,509,538,503,510,490,489,493,528,515,503,492,515,495,502,486,504,527,493,523
1000,508,492,491,500,485,502,496,466,484,493,487,500,506,513,498,489,490,487,501,480,505,510,531,491,542,503,497,516,504,511,502,496,506,532,495,490,501,493,503,487,502,509,464,494,480,529,506,534,523,474,516,499,503,510,499,509,511,529,491,480,498,527,471,493,490,497,465,519,500,489,506,509,502,471,501,498,501,521,540,518,512,483,500,468,504,497,488,517,505,514,503,502,516,543,490,491,515,506,488,494,519,514,485,502,514,505,503,504,484,467,497,480,529,501,510,509,506,489,497,484,509,501,464,515,504,526,495,522,510,500,496,518,519,487,467,482,483,506,506,493,517,458,512,514,504,466,523,539,508,497,485,516,502,509,470,512,479,522,490,484,512,502,485,509,491,513,487,515,502,496,492,509,491,528,490,517,530,468,485,503,505,529,501,499,494,528,500,550,490,502,501,493,513,501,458,511,528,505,508,495,522,502,493
1000,492,488,490,498,520,507,476,475,542,502,499,478,507,496,459,498,519,488,476,504,505,485,507,475,493,489,527,497,529,496,490,473,485,483,516,497,487,493,523,511,497,499,522,520,503,501,510,512,509,500,530,499,501,489,501,503,491,512,535,500,524,488,495,504,520,481,502,500,480,479,472,531,495,468,492,500,498,503,491,509,482,517,477,504,484,512,484,496,494,509,490,526,491,485,506,490,481,495,490,518,512,503,498,497,506,512,476,518,504,503,481,501,512,502,495,515,510,496,506,490,513,516,480,503,525,490,510,516,470,515,479,477,495,482,519,489,479,477,502,518,505,486,512,491,499,476,482,486,493,480,486,491,497,472,509,493,513,495,511,509,539,505,519,494,470,510,496,451,504,501,484,486,522,514,496,500,510,517,534,515,507,479,494,542,502,485,504,526,507,514,491,544,507,479,503,508,480,525,522,499,510,511,518
1000,512,479,505,502,480,500,473,503,522,519,487,473,513,539,522,502,515,529,503,518,479,471,502,489,497,502,508,483,504,487,513,514,489,483,483,509,482,523,513,494,472,498,526,487,481,494,468,507,539,518,494,501,497,499,493,517,510,518,506,486,489,505,478,511,490,503,531,482,499,525,512,526,516,511,495,517,506,498,496,489,528,499,505,493,497,495,501,479,510,523,509,483,521,492,497,499,521,478,475,524,484,504,490,510,484,471,534,519,484,520,496,501,509,507,504,513,505,515,511,487,489,484,489,501,508,483,510,471,513,490,500,481,496,489,511,512,502,497,491,506,516,496,496,517,507,532,504,513,504,536,509,498,509,467,524,505,501,481,526,501,495,500,510,497,496,516,522,526,503,509,500,485,490,493,494,523,491,502,503,486,521,532,535,513,529,493,498,522,504,477,505,519,500,505,488,498,489,486,511,494,492,476,497
1000,518,500,495,544,519,510,495,487,470,482,505,511,500,497,467,508,496,524,514,515,492,478,499,527,505,488,496,493,500,475,481,507,509,528,504,534,501,506,491,469,518,489,482,499,499,502,484,520,479,485,510,507,536,511,494,463,502,484,520,508,510,527,476,499,519,502,512,506,507,502,496,492,515,505,497,500,491,496,511,496,540,492,459,483,474,518,512,511,510,508,522,503,506,489,518,495,483,504,477,500,508,513,529,510,493,509,493,530,546,525,474,483,506,516,506,484,495,512,491,520,499,477,488,488,516,496,505,491,480,511,495,486,500,486,534,491,461,523,492,503,479,494,506,479,503,466,506,501,476,515,549,503,519,505,475,516,512,522,495,497,511,486,516,490,516,500,505,493,506,492,538,524,480,484,490,510,447,505,503,484,508,496,500,500,522,487,507,513,540,497,481,516,496,492,490,498,519,502,518,503,506,498,475
1000,499,492,516,519,497,506,512,506,483,515,461,477,488,485,477,499,473,487,496,526,505,507,492,500,505,486,474,521,486,495,486,501,500,496,518,522,513,509,500,492,513,503,504,506,495,495,538,500,511,495,549,498,489,511,508,492,481,521,516,507,490,505,496,511,490,515,484,530,511,479,510,486,506,505,511,486,515,498,474,529,486,480,513,483,487,487,502,472,502,495,518,501,500,533,511,500,493,488,514,505,504,493,526,494,511,499,497,505,487,501,493,508,474,509,478,485,520,491,500,533,510,526,510,458,510,528,511,510,493,503,480,500,518,479,493,525,508,508,494,499,518,508,539,529,506,486,489,499,504,506,510,482,523,511,528,508,529,486,496,501,516,511,490,514,474,475,512,516,477,498,507,481,510,513,473,481,481,515,473,485,472,501,522,498,503,512,502,475,494,479,513,487,483,477,490,482,484,499,507,496,538,474,503
1000,530,481,513,510,497,505,516,535,516,520,501,513,471,484,486,513,473,525,478,518,487,509,528,516,466,524,491,519,477,512,508,502,493,506,487,522,504,501,479,488,501,501,498,502,497,511,508,508,484,500,505,501,522,467,527,474,501,480,511,494,493,482,525,509,472,514,493,505,519,468,491,516,490,483,502,502,485,480,518,491,483,469,497,513,501,488,492,500,510,481,543,495,493,488,511,457,516,519,501,487,489,499,502,500,479,504,513,521,498,491,512,505,499,499,504,478,507,482,505,500,482,471,494,512,478,508,493,516,510,529,503,499,492,489,498,509,478,529,508,519,491,499,501,512,504,520,495,497,464,507,483,509,490,507,484,501,506,514,482,505,485,496,527,500,499,520,514,512,490,503,496,497,516,516,515,466,491,494,508,500,480,519,506,516,488,492,470,554,508,497,498,505,505,505,478,501,501,495,484,476,498,498,514
1000,477,506,506,480,494,475,512,505,503,516,497,517,484,498,506,483,497,504,482,497,478,509,512,488,502,499,502,503,518,500,505,498,506,495,486,490,509,479,494,512,506,518,502,512,523,537,507,471,535,502,486,500,525,490,506,518,504,515,512,483,480,538,460,474,503,488,460,491,490,496,497,500,503,495,504,485,474,477,500,474,488,519,501,482,518,503,516,492,494,477,487,510,493,507,505,500,510,494,497,493,464,496,513,508,498,487,496,506,500,507,516,479,491,494,505,512,510,528,511,513,471,523,506,504,515,473,506,508,483,508,501,485,482,499,502,522,496,483,524,491,504,504,479,509,511,503,499,515,496,518,494,513,507,481,523,491,505,503,513,510,518,511,495,491,512,505,488,507,481,514,503,527,523,513,510,485,496,515,506,503,486,530,500,506,480,529,485,470,475,481,478,499,503,503,503,499,504,517,516,484,478,483,517
1000,506,522,502,511,510,503,526,523,499,454,500,482,493,481,537,510,504,503,522,477,480,515,496,517,505,483,508,482,521,496,494,512,484,521,498,476,484,519,494,505,485,513,483,490,500,473,503,493,485,510,510,507,503,493,473,490,535,496,496,484,500,518,501,493,501,493,503,485,486,495,526,517,505,507,505,492,519,498,478,472,504,507,498,485,507,469,522,507,489,481,526,483,534,517,501,498,506,518,494,521,459,478,491,508,491,513,495,515,512,489,498,461,509,498,539,491,501,486,501,504,491,475,486,482,495,477,490,491,505,492,469,480,510,522,497,483,508,502,505,502,520,512,522,510,501,504,495,500,464,510,517,499,497,491,507,492,457,488,480,494,510,480,519,496,521,487,535,511,521,533,498,504,501,502,487,507,498,480,532,517,502,503,494,473,495,498,521,496,501,488,511,532,497,469,469,491,487,484,494,522,524,488,507
1000,501,494,516,503,490,505,535,520,499,515,503,509,509,494,502,487,503,507,490,517,473,498,497,489,494,486,508,451,484,536,487,497,524,511,475,531,481,479,509,512,507,490,521,505,490,492,532,503,525,494,516,518,501,498,503,484,502,473,505,498,505,483,499,501,496,527,493,507,487,511,515,506,487,505,500,488,501,534,469,473,505,507,497,480,496,499,514,491,492,495,527,515,494,503,504,499,517,514,497,505,478,492,515,513,515,505,485,517,539,489,481,484,495,515,519,499,528,528,477,506,507,497,513,493,487,498,512,518,504,518,482,498,495,469,504,490,505,480,479,504,489,516,498,513,499,484,471,501,480,501,481,494,508,497,491,509,512,462,501,514,486,481,493,511,512,484,521,513,477,518,495,496,493,494,515,532,495,492,481,505,508,520,500,516,514,493,501,505,507,507,507,498,500,483,482,495,489,517,483,502,497,508,492
1000,514,509,487,487,490,504,485,519,505,473,481,496,523,489,511,509,501,510,489,487,523,515,512,499,501,506,490,504,480,501,519,503,501,489,523,524,497,516,483,513,481,529,501,491,481,488,496,521,479,523,490,507,491,508,499,517,500,497,492,547,488,495,516,533,494,524,523,493,497,503,504,519,467,508,513,492,510,511,495,474,503,513,502,502,491,490,487,488,510,495,529,519,506,515,500,507,504,516,510,503,521,498,529,529,499,484,470,487,483,527,501,506,507,512,478,508,502,512,510,489,514,507,487,487,503,496,497,495,484,516,510,514,502,511,511,504,477,483,526,487,516,511,485,516,495,498,517,493,495,491,487,514,499,491,490,482,522,499,506,518,502,523,520,493,503,505,488,495,521,523,495,508,523,478,503,527,487,507,514,507,497,489,481,493,487,476,489,521,503,507,526,476,489,509,497,493,510,516,504,486,485,512,526
1000,503,497,492,501,507,500,517,520,504,537,509,487,519,499,510,507,479,496,523,485,502,513,488,505,518,487,504,495,507,508,501,530,511,495,501,492,485,493,500,496,508,513,519,489,508,450,475,477,506,515,505,506,498,497,488,491,496,502,505,511,505,480,498,485,495,494,493,487,507,520,492,485,507,493,498,503,484,479,473,492,490,509,501,472,496,471,547,495,504,500,489,525,488,493,500,488,499,488,489,489,512,491,475,489,496,504,504,486,459,497,495,485,515,493,496,503,496,482,499,502,501,501,485,495,494,503,483,514,489,501,490,481,485,518,512,494,512,471,505,464,490,476,492,511,506,490,500,503,511,508,487,502,514,537,500,493,490,488,512,498,480,531,502,517,512,509,507,498,486,469,507,518,507,498,478,526,472,525,494,456,505,483,476,501,517,497,512,515,493,496,507,488,476,494,512,476,494,523,500,505,496,500,506
1000,488,501,494,503,484,507,488,493,483,484,487,491,471,491,501,496,511,495,516,494,501,498,466,483,505,498,493,502,511,500,502,483,497,519,478,510,511,498,513,474,471,494,527,493,509,472,510,502,513,515,509,496,486,490,486,491,497,500,520,483,514,485,500,507,518,472,498,527,481,481,506,515,519,499,488,512,505,503,513,530,508,472,525,525,511,466,514,497,494,498,499,471,495,505,505,497,506,470,493,518,504,523,511,526,500,513,513,504,511,495,497,506,480,512,513,495,489,533,497,481,491,497,512,493,508,478,462,512,530,506,499,483,535,484,522,491,502,499,519,499,483,509,512,505,479,490,482,501,480,514,488,503,499,481,487,506,515,495,489,499,504,515,491,505,500,492,516,493,540,507,483,515,500,477,511,507,490,522,497,484,521,514,492,526,500,522,513,521,508,492,475,520,501,501,510,503,485,481,507,519,510,499,496
1000,501,510,526,492,500,498,497,520,520,511,510,512,498,504,520,532,497,521,515,496,502,529,497,501,507,488,497,519,519,497,518,514,509,520,530,499,500,493,519,496,522,545,477,477,477,501,465,507,493,502,505,509,493,510,492,515,499,484,510,495,491,489,486,506,492,483,494,503,484,488,523,534,510,511,498,467,487,492,521,516,485,496,516,481,494,537,493,492,508,502,512,530,478,506,519,511,513,508,524,505,486,515,518,511,508,492,510,533,510,491,495,483,507,534,540,490,516,488,511,499,506,491,484,514,506,504,504,518,485,469,520,507,516,498,499,507,495,462,531,476,499,467,524,495,497,496,504,518,517,478,498,478,532,509,501,514,494,511,507,504,526,472,477,514,497,525,501,504,487,547,504,514,493,497,491,509,500,489,528,511,530,490,515,508,501,482,518,531,504,521,479,484,521,523,481,516,516,517,508,516,526,518,490
1000,519,499,495,463,491,507,487,475,472,499,491,502,488,491,486,458,481,505,522,533,505,510,506,509,516,488,508,518,495,516,483,495,490,482,515,498,505,469,490,508,513,488,483,519,513,485,496,484,518,513,495,512,528,493,492,532,515,520,488,467,520,493,503,501,511,478,520,467,502,512,526,500,485,483,530,486,499,492,521,497,491,517,501,479,510,491,523,487,498,515,478,512,519,489,517,507,462,497,522,493,500,472,491,483,502,487,499,522,526,546,512,485,526,486,488,477,496,504,531,501,504,491,480,477,504,514,507,496,523,469,487,501,496,490,473,465,487,492,474,506,510,458,513,480,477,511,514,502,477,498,511,481,501,504,502,506,469,507,498,515,502,478,497,500,508,497,499,496,497,491,517,486,527,521,520,495,508,524,471,483,495,527,518,503,508,497,506,491,486,494,520,500,486,492,511,488,510,513,506,506,511,497,526
1000,522,521,510,502,494,495,507,515,492,490,522,500,508,507,528,487,491,497,504,508,518,487,530,497,465,505,489,482,500,506,515,514,476,499,485,520,487,504,517,492,504,503,497,500,510,496,507,511,501,521,491,512,510,506,481,480,497,508,479,501,469,533,513,505,500,500,496,515,519,505,502,503,521,511,481,517,497,506,518,517,498,511,505,507,505,501,485,519,475,496,509,482,529,528,499,478,508,495,474,519,499,501,508,492,498,529,518,522,495,516,488,484,492,532,498,487,495,480,495,480,507,512,510,454,496,500,507,477,481,505,507,481,498,484,475,495,469,509,506,488,508,505,493,489,496,491,499,505,480,502,501,510,497,472,499,475,501,507,509,501,502,499,483,478,524,508,492,499,490,514,478,484,495,490,502,495,522,509,517,469,490,519,481,499,509,512,491,502,483,512,492,496,486,510,505,492,520,484,494,488,487,512,490
1000,520,489,500,503,488,508,497,511,515,542,496,519,487,480,510,505,499,476,530,495,505,505,509,537,487,482,485,502,510,516,497,481,484,485,484,521,500,504,482,469,514,506,486,492,486,518,486,514,485,523,502,518,535,492,493,500,505,498,491,473,494,469,499,501,518,497,526,491,501,494,502,503,479,533,515,523,491,493,483,497,494,478,510,518,514,497,520,503,479,519,491,502,529,489,497,496,516,512,503,522,489,489,533,487,513,491,512,491,495,532,514,513,491,514,503,484,517,473,520,491,485,511,477,505,514,504,522,535,508,511,473,516,494,507,515,527,481,485,498,484,514,506,495,497,484,520,487,480,478,511,487,478,473,513,491,520,491,503,496,473,510,521,485,533,537,521,497,505,545,512,489,485,490,493,522,521,506,509,525,476,512,493,507,534,523,486,492,532,482,506,484,504,511,478,495,512,477,502,509,488,496,504,488
1000,522,500,488,506,502,515,507,498,488,494,524,515,511,491,511,529,490,496,514,496,545,510,490,485,497,525,497,491,520,520,487,520,537,456,492,497,492,482,506,486,480,504,500,517,477,503,520,504,504,507,497,522,474,479,503,488,504,455,477,524,495,498,485,544,486,483,499,520,479,512,480,492,515,516,481,486,494,502,496,507,513,496,508,510,529,469,497,522,487,516,525,503,515,508,484,517,500,491,499,518,500,535,503,522,497,479,509,503,528,497,495,487,518,538,479,520,500,491,498,504,502,530,504,474,504,513,504,486,487,478,512,504,524,503,482,500,515,508,487,488,497,486,495,486,529,484,485,523,507,532,494,511,517,501,492,500,539,506,479,506,515,505,516,501,511,501,502,483,465,514,508,500,492,503,484,478,507,508,456,506,513,508,510,492,508,501,501,481,495,491,486,506,506,516,498,497,475,507,500,500,492,492,488
1000,515,506,540,474,501,493,520,486,498,518,495,501,498,489,519,470,518,503,538,506,501,517,504,486,503,497,513,492,496,474,485,508,483,493,498,480,499,503,504,488,524,509,501,508,511,513,518,516,502,512,512,531,512,478,524,508,494,479,498,509,500,494,536,477,494,513,486,512,496,490,518,481,494,514,514,502,476,508,500,487,505,517,521,495,501,504,510,490,513,507,510,511,474,498,509,491,506,523,501,494,512,479,505,504,491,501,502,456,505,491,483,498,500,464,489,508,508,517,485,497,508,517,477,486,495,487,503,482,495,496,470,511,526,522,504,488,513,501,481,507,486,514,520,496,463,488,502,500,498,523,470,486,479,504,493,536,493,473,511,499,498,493,494,510,516,489,502,534,500,494,488,510,497,498,483,511,503,505,516,539,492,483,504,530,496,474,512,469,510,499,505,522,517,474,487,517,502,520,498,505,519,500,493
1000,494,494,486,510,523,493,518,505,511,474,501,476,511,468,515,518,504,485,482,521,499,489,503,482,504,507,500,488,495,474,524,470,490,512,475,510,489,477,509,494,516,532,489,496,506,501,477,514,526,502,483,502,487,475,512,483,506,481,467,500,498,533,500,505,492,483,525,487,509,497,502,507,498,492,522,514,507,497,466,514,515,516,502,474,495,478,500,517,500,504,504,530,496,515,473,506,473,503,496,492,504,471,527,524,538,520,519,518,509,512,537,496,490,506,516,468,517,505,508,502,489,502,499,500,495,488,509,491,487,494,507,490,514,504,508,515,495,491,482,532,529,506,512,507,512,491,538,497,457,496,510,495,509,486,502,511,471,523,500,487,507,497,511,468,490,528,486,505,507,505,510,494,473,482,482,492,524,502,478,497,501,489,534,503,504,504,491,473,501,538,497,509,539,498,488,541,526,519,495,487,513,538,473
1000,501,504,511,495,496,481,524,487,497,484,508,506,507,483,487,485,494,504,497,504,500,492,522,504,487,498,480,490,502,457,503,511,489,500,511,477,520,490,479,501,523,465,508,487,452,506,494,473,509,524,518,519,482,480,484,500,491,494,517,507,509,495,481,509,475,489,503,527,483,495,491,505,519,480,472,468,504,518,534,462,486,507,504,514,497,487,517,497,520,490,475,473,510,505,498,520,513,499,524,486,506,498,490,478,509,490,512,509,497,487,504,510,503,480,492,480,485,479,519,502,508,488,524,489,509,495,509,497,503,483,498,500,510,515,550,503,523,485,518,506,516,486,485,516,508,499,505,512,506,501,520,502,511,524,504,490,522,508,504,512,496,491,523,498,494,479,522,496,534,487,496,491,507,514,485,501,536,496,505,489,491,511,488,512,505,503,530,498,494,495,482,490,512,502,483,511,503,477,511,520,487,500,496
1000,488,503,495,507,506,489,503,490,520,504,487,476,490,497,495,510,511,498,496,504,492,513,512,497,478,473,544,520,492,513,506,489,496,474,483,502,515,486,518,487,503,521,503,494,462,494,522,515,506,490,501,508,483,486,496,503,481,508,520,499,526,506,500,480,493,506,476,480,486,491,509,496,495,505,491,480,502,500,503,477,510,495,488,493,505,512,488,498,479,474,489,489,489,479,496,503,504,517,514,499,505,504,494,509,509,497,498,501,499,473,487,513,510,474,492,495,477,483,519,489,511,524,508,501,517,528,504,482,485,494,532,510,486,486,482,509,535,516,503,505,495,516,479,503,495,513,497,495,508,493,516,495,496,508,498,456,541,501,509,484,502,507,493,490,484,520,488,480,520,480,483,510,515,538,504,495,520,517,509,513,488,497,503,527,487,485,496,509,472,483,512,474,503,532,503,504,490,491,514,497,477,482,515
1000,493,484,495,517,499,498,492,518,481,487,476,470,489,498,528,483,506,504,479,517,475,509,505,491,503,489,504,496,470,499,494,480,506,505,529,518,486,520,486,495,488,513,519,473,535,514,498,510,533,514,492,465,486,511,507,493,513,512,511,492,523,490,525,472,505,495,495,502,502,513,489,464,496,493,483,481,522,488,517,507,501,484,507,502,503,495,533,517,497,499,511,503,494,514,486,482,498,506,502,475,531,480,512,473,476,508,492,493,490,502,499,488,499,497,480,468,516,472,505,514,486,514,506,499,481,490,540,507,482,499,514,507,508,495,464,490,512,499,491,482,484,487,487,487,512,495,502,497,510,497,517,516,495,467,506,503,502,489,472,514,479,479,466,488,497,507,463,502,492,527,513,520,482,489,477,519,517,490,498,513,499,515,512,507,523,507,473,491,472,500,527,498,523,505,475,523,495,499,484,477,484,504,481
1000,502,483,492,524,501,526,506,483,530,498,529,499,483,490,471,486,511,529,504,479,524,488,489,502,519,508,505,498,521,498,512,487,468,521,488,523,507,482,524,492,505,494,495,490,479,500,522,517,503,484,494,492,499,479,527,509,500,541,533,494,519,506,499,509,492,503,504,497,518,498,512,499,473,504,453,513,516,498,512,516,480,491,482,505,494,506,502,499,497,514,514,502,458,514,497,496,511,490,489,478,494,494,497,531,517,503,506,533,494,489,462,526,473,517,518,492,506,503,506,499,511,490,491,509,499,488,488,490,520,508,464,537,517,504,494,505,489,487,511,483,491,511,483,470,502,531,485,490,493,513,495,506,501,493,504,501,512,501,474,481,517,501,499,492,476,481,487,508,503,487,506,533,485,516,486,513,479,522,496,491,483,470,497,479,524,480,522,503,474,509,490,475,492,467,508,496,512,507,498,526,482,511,476
1000,505,493,503,527,498,518,520,522,503,507,496,528,513,517,514,487,536,498,498,484,503,503,503,501,470,486,523,528,517,474,512,482,517,503,489,490,504,486,496,487,485,495,513,513,481,511,498,517,522,529,502,471,491,510,510,510,493,502,485,516,504,481,500,530,475,478,477,482,516,503,522,483,491,508,493,509,491,512,491,497,467,510,493,506,480,496,486,497,510,485,495,528,512,524,518,490,511,511,507,512,473,513,488,511,502,505,488,483,520,490,514,485,492,481,509,491,516,497,504,501,501,527,518,499,497,505,502,509,489,490,480,510,508,499,508,480,503,529,513,508,500,500,523,526,504,467,494,496,507,479,507,481,495,499,510,468,483,472,510,490,518,485,491,524,538,507,513,508,504,519,502,523,502,498,501,504,509,505,504,514,476,497,490,515,492,505,499,493,494,514,504,486,496,479,487,490,483,530,503,501,523,509,503
1000,501,502,511,506,503,501,497,539,523,508,513,486,505,492,486,514,503,506,506,513,488,493,499,534,475,501,456,504,484,491,499,485,477,511,492,481,496,516,490,494,503,525,507,520,506,474,520,477,500,480,518,503,485,519,493,497,539,487,492,523,492,499,476,514,520,499,501,514,490,493,506,482,511,484,504,508,486,500,474,487,492,502,506,495,505,491,521,507,491,482,522,527,501,474,493,497,500,486,487,496,492,496,523,510,507,511,498,486,484,502,490,491,454,485,490,509,479,519,514,494,500,488,492,518,539,504,493,496,505,483,496,495,519,521,476,506,500,481,515,524,489,467,456,532,494,520,509,505,515,528,526,503,488,516,485,498,517,521,483,512,516,528,528,517,476,471,502,518,507,469,484,464,506,485,507,485,497,498,520,502,477,469,492,490,511,541,512,523,510,483,481,493,493,498,487,491,498,527,537,508,451,488,501
1000,495,520,503,514,459,496,510,482,485,501,479,517,536,504,465,515,515,502,487,502,505,496,485,488,513,478,498,489,504,484,510,503,509,520,517,474,507,502,506,509,483,473,507,494,501,496,492,492,495,490,537,506,492,503,493,505,504,475,496,480,480,514,496,485,494,493,497,539,506,480,483,500,500,502,463,492,500,480,512,497,488,474,512,501,492,481,492,489,507,482,507,481,498,478,493,507,517,505,482,508,485,512,495,490,538,501,497,510,502,475,482,489,513,514,510,510,509,499,488,505,469,499,487,537,512,485,487,522,503,480,501,503,495,506,502,484,504,508,495,457,485,486,497,505,509,506,499,503,494,510,512,495,511,495,504,498,496,476,488,525,486,536,517,487,483,511,525,505,504,486,513,510,509,508,495,513,505,480,502,520,473,488,515,513,515,514,502,507,500,531,484,485,501,499,465,499,498,482,512,494,501,536,512
1000,505,518,492,522,497,508,500,508,497,478,492,505,502,549,478,498,487,494,477,491,511,504,478,524,493,494,487,500,502,475,487,485,487,501,520,494,479,493,490,505,509,505,485,496,501,514,508,557,484,493,496,497,506,473,519,520,504,476,511,513,504,485,514,500,485,500,496,491,470,515,502,498,482,502,522,504,510,548,516,504,498,486,488,495,495,502,509,467,527,466,524,492,501,513,465,472,488,480,491,512,501,463,512,478,502,480,504,527,499,491,490,464,517,513,485,486,504,468,517,501,496,480,508,511,499,469,504,450,503,502,473,520,508,507,511,479,502,510,506,490,503,499,502,522,489,495,491,475,498,523,504,508,506,489,529,524,510,506,503,514,486,500,508,494,480,499,475,513,505,508,521,508,484,481,500,486,484,525,522,481,509,522,501,496,533,463,504,482,489,483,529,491,502,474,506,497,489,489,500,505,499,483,488
1000,497,490,458,496,501,495,517,512,489,496,501,489,533,514,496,521,497,487,516,515,517,498,511,514,484,539,503,452,491,496,495,508,484,496,476,483,500,505,523,486,488,488,494,516,517,486,505,498,478,503,478,510,485,506,479,504,490,531,505,486,478,499,488,508,509,510,481,484,507,496,504,512,471,512,541,486,497,522,497,506,482,506,521,506,523,499,523,498,481,505,500,503,483,486,483,483,496,524,516,480,491,512,479,506,527,502,493,512,518,523,518,486,498,514,509,516,514,476,467,497,504,503,496,494,504,508,481,493,498,485,518,503,513,506,487,487,465,516,516,513,482,493,507,498,507,547,497,505,502,477,487,470,475,512,471,491,465,493,506,470,495,504,525,492,491,528,496,471,501,453,504,508,493,503,504,484,490,499,511,494,491,514,517,512,522,528,503,495,482,497,499,509,492,515,484,495,508,502,507,502,499,496,492
1000,468,525,483,498,483,484,473,524,538,513,483,471,521,498,505,491,533,491,486,478,496,512,513,485,487,495,500,520,495,499,497,495,495,506,507,496,491,497,533,511,508,505,495,485,510,486,487,496,498,478,534,507,517,511,511,481,503,494,481,488,509,511,523,526,525,518,497,511,499,525,487,498,505,495,493,510,494,493,510,486,479,508,511,479,501,497,500,517,501,517,522,523,491,485,516,494,517,472,490,485,491,492,495,497,500,480,505,501,516,483,493,503,518,506,479,521,486,488,493,482,490,502,514,522,503,512,492,497,468,478,518,492,491,491,487,494,511,488,511,519,501,494,493,466,537,492,504,515,511,484,516,493,498,524,487,503,482,475,505,461,486,488,495,505,510,489,516,513,493,500,492,508,524,490,490,510,505,491,508,522,459,475,500,491,493,495,493,521,520,499,496,529,478,527,469,481,504,522,502,493,491,499,513
1000,508,465,506,501,527,495,492,490,478,487,510,501,490,511,511,485,486,484,490,494,503,515,489,475,513,507,510,503,491,518,490,510,490,481,491,497,502,525,516,509,517,513,515,510,487,523,468,489,501,504,481,533,498,522,485,495,495,521,497,487,513,517,498,525,499,497,502,482,507,509,503,511,526,523,497,468,486,506,498,495,507,506,509,492,512,486,489,490,501,493,463,501,489,508,506,508,489,490,518,490,486,522,485,514,538,486,507,508,480,529,523,507,475,495,515,480,513,517,513,492,498,479,449,505,536,507,507,493,494,529,501,483,510,496,497,500,500,500,492,491,514,496,520,487,529,505,510,484,488,482,473,506,504,478,495,510,497,498,492,480,531,518,508,488,479,490,522,508,480,521,496,490,509,495,502,508,489,512,515,501,517,440,512,481,517,516,498,503,495,507,487,510,509,501,495,502,504,497,528,490,515,500,508
1000,545,462,506,486,523,520,519,483,497,474,499,492,499,505,523,506,524,484,523,507,494,506,501,516,512,492,473,535,486,500,500,520,494,489,509,515,477,500,473,501,488,515,489,486,472,494,541,526,506,518,480,481,443,502,483,485,480,517,485,508,499,493,513,525,504,495,476,516,524,498,505,489,492,524,525,467,488,498,513,484,486,504,483,479,481,489,507,512,483,531,499,511,519,514,490,495,532,510,488,486,497,481,510,529,473,505,500,493,500,472,502,485,519,558,522,490,479,510,499,492,521,506,508,494,496,485,525,515,487,500,481,502,492,495,520,514,516,481,494,492,502,529,493,485,479,516,498,516,504,503,519,520,541,512,512,474,498,502,514,517,492,491,502,485,476,498,518,498,481,491,498,508,539,475,489,498,500,485,521,485,505,495,525,492,517,516,491,505,486,505,509,507,516,486,462,518,486,508,496,500,489,508,535
1000,509,505,494,480,502,491,479,487,523,496,500,468,506,499,516,499,505,470,517,521,475,495,511,513,487,527,480,481,506,473,491,491,513,486,499,500,541,516,500,520,518,508,514,532,497,499,489,471,487,490,498,501,523,520,523,515,487,494,521,509,496,505,501,494,504,507,497,513,486,469,492,531,474,484,493,527,518,502,508,488,501,478,485,511,483,478,496,488,529,517,493,509,507,501,486,501,506,474,509,509,505,495,488,502,466,485,514,487,498,509,505,505,480,477,498,524,465,497,487,482,540,525,515,490,491,512,489,527,484,486,502,513,496,519,514,499,498,530,494,517,504,530,496,520,502,542,478,504,516,501,475,488,503,494,490,469,507,514,513,493,502,500,495,504,478,474,506,476,516,494,477,499,508,498,480,495,486,512,479,502,506,475,503,495,526,471,504,484,512,477,519,498,467,498,493,469,475,505,495,500,494,480,506
1000,501,512,525,495,519,500,496,505,514,528,506,473,515,495,477,494,508,504,498,529,480,502,500,528,490,481,500,492,531,474,514,505,500,495,490,491,526,491,493,496,491,510,506,497,496,481,492,494,530,481,497,503,493,504,498,511,476,488,481,500,494,480,494,463,495,490,500,496,506,517,501,496,526,524,526,512,508,485,487,538,478,494,499,526,518,476,486,495,486,530,526,493,494,519,499,508,477,504,501,531,527,506,499,490,526,493,486,508,510,492,487,509,496,507,519,509,505,499,493,475,508,518,498,506,498,503,496,526,496,529,500,483,483,481,479,495,488,486,514,521,479,498,477,490,491,519,470,509,500,498,506,538,527,490,519,511,488,483,504,491,480,502,507,508,500,519,491,490,486,508,489,491,499,471,501,509,516,499,543,495,505,483,503,493,474,481,480,513,533,500,508,518,492,506,484,493,474,493,498,482,479,499,502
1000,491,502,499,527,510,525,505,522,487,522,483,486,478,518,492,484,517,502,475,505,503,499,516,478,517,508,512,502,462,501,515,499,505,483,494,515,481,514,510,504,509,483,526,523,512,479,494,478,503,509,513,466,480,532,494,509,538,503,505,494,513,484,501,502,526,531,477,477,515,507,494,494,485,483,486,505,502,501,520,513,495,495,515,506,491,502,501,502,513,494,522,511,498,502,498,493,494,503,514,515,491,538,510,506,483,495,472,465,500,484,490,498,510,501,516,512,479,491,517,508,502,497,467,491,509,484,492,511,499,517,512,518,507,483,508,511,490,508,520,483,502,489,515,477,481,490,504,500,489,505,480,485,521,512,507,487,498,498,504,497,517,491,514,493,501,499,481,484,496,496,483,510,504,509,498,484,521,483,512,489,517,533,487,498,499,461,464,524,483,493,501,514,465,516,470,464,532,511,503,463,521,487,496
1000,509,488,503,497,538,479,485,490,486,500,515,478,521,474,518,495,492,516,489,501,488,513,483,525,468,496,478,487,508,508,534,505,523,520,489,492,486,506,510,486,520,493,501,495,503,508,500,520,504,498,495,493,476,529,512,519,506,475,512,511,538,502,489,490,484,479,507,516,492,529,512,490,507,498,518,517,488,493,517,492,507,495,516,508,474,538,518,518,489,487,508,488,507,530,501,506,523,507,500,493,508,465,529,482,487,477,487,501,487,522,514,513,509,479,513,474,508,500,507,513,513,496,504,509,506,490,512,483,495,469,471,484,532,490,481,470,490,519,503,502,490,504,530,497,489,517,497,517,479,523,530,510,524,515,510,464,516,507,500,474,489,504,483,470,503,471,497,495,500,518,478,517,521,520,499,496,495,512,500,503,504,520,512,528,469,481,512,507,496,472,487,506,512,474,492,518,482,488,506,517,532,475,516
1000,505,471,501,512,503,492,488,502,490,511,481,540,505,521,478,508,508,510,502,479,496,502,522,533,482,485,454,487,503,486,483,510,506,493,506,502,492,476,499,491,481,527,500,492,493,495,484,481,494,507,502,489,505,492,496,500,502,517,517,496,494,489,509,500,534,503,503,508,525,489,476,494,515,501,515,497,496,486,498,486,514,506,501,476,489,493,500,529,517,492,525,498,479,484,497,478,505,529,504,473,516,492,458,508,508,495,511,511,518,500,509,506,502,519,501,503,516,484,519,489,502,461,508,489,510,503,516,500,494,496,495,509,529,505,524,491,484,505,487,500,497,487,501,502,486,517,485,521,494,505,520,471,465,543,511,503,517,501,507,535,498,502,512,480,493,507,483,518,508,489,513,504,504,491,480,512,478,480,502,499,482,496,509,514,499,503,487,540,525,501,485,515,509,493,466,503,496,498,503,484,499,507,509
1000,477,482,496,484,490,510,501,512,526,495,479,476,501,502,516,507,515,502,477,489,488,516,504,478,483,486,493,501,499,508,495,499,515,512,500,502,482,497,504,502,513,492,491,505,509,498,508,490,510,538,501,535,515,513,506,526,496,500,470,520,501,494,494,514,490,518,514,512,508,487,505,498,507,504,467,499,496,522,480,516,516,481,513,501,498,500,527,502,488,494,490,497,478,488,516,481,509,507,523,502,496,500,515,531,458,501,477,538,516,493,522,496,496,507,502,497,476,499,480,476,474,482,516,507,524,491,508,487,499,506,504,484,488,487,532,488,495,513,493,503,506,520,480,514,489,491,500,506,503,499,499,507,508,486,493,484,529,501,509,512,482,488,505,500,499,492,505,495,490,493,501,512,507,477,525,481,478,526,481,510,490,508,508,480,511,493,504,539,502,467,521,526,495,503,511,498,493,496,523,508,474,458,509
1000,476,511,477,530,506,514,482,514,507,523,491,499,461,471,488,488,492,509,502,501,500,506,501,493,507,540,508,490,495,524,522,484,508,524,498,502,463,492,511,537,491,511,523,476,459,480,485,503,462,498,512,510,478,488,503,480,526,499,527,503,517,504,494,478,500,497,500,476,521,478,495,495,487,481,484,501,524,490,483,534,494,501,510,478,521,482,469,491,496,483,522,505,508,514,491,492,515,466,498,485,525,518,520,497,495,496,529,488,508,505,504,509,510,479,503,516,481,501,481,492,488,492,492,483,501,516,481,517,507,509,507,497,483,515,496,484,495,486,484,486,506,510,512,493,522,513,489,503,510,507,493,495,486,484,506,518,501,514,488,509,496,521,506,503,475,530,502,455,502,528,518,494,500,515,510,527,548,482,517,498,503,525,506,527,485,498,495,485,506,489,506,494,536,513,472,533,505,507,491,483,513,492,497
1000,518,500,513,505,479,519,499,494,494,509,523,503,531,481,502,515,524,503,506,494,473,528,487,495,515,492,486,509,509,505,513,522,494,495,490,503,489,531,523,519,513,490,494,512,495,487,468,525,484,494,523,506,494,500,496,498,511,486,477,491,506,494,500,514,523,513,493,477,508,502,496,503,492,475,471,496,487,471,480,505,509,501,491,528,496,518,504,514,501,470,493,482,500,504,494,516,491,496,526,491,490,505,499,496,455,507,518,514,500,522,486,505,492,520,511,502,503,465,506,492,480,518,499,492,507,472,527,523,494,525,526,495,491,497,502,497,500,492,480,534,509,516,509,503,491,500,503,511,493,511,501,507,480,509,505,493,471,492,485,520,497,487,501,480,510,482,497,504,495,491,491,487,488,487,480,495,513,490,508,505,521,504,485,513,524,505,496,478,514,515,488,504,504,526,481,500,499,481,510,496,505,508,487
1000,505,499,494,528,509,514,490,490,522,492,524,500,494,501,511,522,494,504,497,491,499,498,499,492,479,513,517,494,502,484,500,513,524,503,511,496,511,490,503,485,487,508,503,488,546,487,504,488,513,500,470,510,489,486,495,483,534,470,514,512,492,502,509,507,503,511,520,482,500,493,495,520,482,492,473,494,497,504,500,506,488,491,500,500,482,476,492,509,479,506,539,488,489,473,495,452,493,508,511,488,513,518,505,490,533,503,509,496,477,503,477,493,522,519,474,492,496,510,490,517,500,490,526,489,521,530,497,474,493,502,490,482,495,518,510,517,503,504,522,500,516,489,501,494,514,501,479,495,500,478,485,475,499,519,503,536,506,507,508,497,457,516,495,497,480,498,496,497,483,512,520,507,512,491,477,489,499,509,508,508,501,505,478,495,510,490,508,497,468,493,483,501,502,493,489,502,476,490,511,507,498,500,511
1000,487,477,526,520,500,506,492,498,510,496,494,487,496,487,495,514,511,477,511,483,496,515,529,495,541,493,521,518,490,484,495,497,484,511,493,528,472,521,500,479,506,504,500,518,487,484,517,499,494,498,484,498,494,490,497,487,515,502,514,506,466,505,509,499,514,515,522,495,503,504,510,527,483,497,484,539,521,489,525,508,487,511,502,473,515,518,518,518,511,517,522,482,528,497,503,497,505,504,492,466,499,507,506,493,499,506,481,500,480,484,510,502,523,511,508,492,483,497,525,496,503,529,533,504,506,482,508,463,529,471,494,485,491,501,496,491,480,513,532,483,493,493,517,504,527,474,511,466,457,489,504,483,483,483,494,482,488,476,517,491,486,525,510,509,508,498,478,490,506,502,504,499,490,511,492,497,491,477,492,474,491,523,491,496,498,511,510,502,507,520,554,494,515,490,454,514,511,489,509,505,521,517,485
1000,479,483,505,485,514,514,502,472,494,472,507,524,486,463,508,503,493,501,518,515,490,518,503,474,495,518,492,489,491,543,495,499,491,493,502,508,487,507,524,506,504,522,508,477,509,490,482,490,507,526,504,487,524,491,515,512,490,501,479,489,541,505,495,519,480,476,533,503,500,496,493,490,513,489,474,509,529,519,508,484,500,492,498,484,469,499,517,499,494,512,479,524,535,500,481,498,507,508,503,493,509,489,498,497,498,468,499,498,480,523,501,500,539,523,522,518,508,470,497,500,516,479,525,504,509,486,487,474,501,494,501,504,504,515,516,500,486,515,504,473,473,481,511,485,501,498,485,492,506,504,511,510,517,542,508,477,511,502,498,508,487,518,500,498,466,496,503,535,490,485,516,490,513,535,492,517,496,504,489,519,511,493,485,457,497,482,493,493,510,507,485,506,497,495,490,497,504,519,506,492,513,509,512
1000,501,490,520,528,501,513,455,499,515,497,490,515,487,503,512,530,506,502,507,490,494,484,533,494,478,522,441,521,480,481,513,484,484,500,499,485,498,532,504,498,516,506,524,477,482,505,485,507,512,487,515,479,493,510,506,493,510,516,512,484,487,505,497,475,505,504,504,499,510,487,510,502,492,491,521,522,480,489,479,503,487,525,480,483,509,497,494,524,529,489,485,526,505,490,494,493,506,482,494,526,515,522,507,483,525,496,541,490,496,489,481,482,505,521,495,500,482,504,502,516,487,463,487,476,496,515,508,498,509,515,509,530,498,491,517,492,523,507,516,513,497,467,503,481,466,503,505,496,483,531,494,503,514,497,514,502,510,476,495,491,530,493,521,508,492,487,496,488,490,496,510,493,503,498,483,521,479,509,483,487,512,521,512,521,507,475,512,485,479,510,487,485,479,510,500,478,493,533,491,517,506,510,504
1000,504,493,518,510,491,521,542,502,503,520,481,514,472,477,501,522,504,495,524,508,472,492,494,499,482,516,494,496,497,509,496,497,504,508,491,519,493,508,499,532,516,492,523,510,490,487,476,490,496,501,503,473,505,511,491,509,478,492,482,517,509,495,496,500,532,498,507,501,490,521,490,464,484,499,498,502,492,527,486,480,500,487,500,476,504,481,473,488,496,511,510,510,505,460,494,532,462,504,505,511,493,496,500,467,510,509,514,471,481,506,506,524,506,511,520,513,495,489,502,509,505,510,499,482,517,514,506,493,485,492,513,496,503,491,474,499,492,514,514,512,498,521,482,480,521,507,490,520,509,485,480,531,483,501,481,487,497,520,495,495,491,500,484,488,490,493,454,475,496,517,510,485,487,483,480,445,504,492,508,479,497,493,509,497,492,505,505,479,512,499,520,505,493,520,472,489,502,507,518,495,478,498,493
1000,482,496,494,507,504,500,484,490,491,485,480,498,501,499,504,529,492,498,490,508,486,465,512,483,462,505,527,509,494,513,490,479,469,482,518,507,491,510,475,505,501,505,482,526,498,467,512,488,507,498,503,489,468,497,474,488,506,496,468,486,503,500,496,490,509,514,501,483,508,482,500,492,480,507,514,492,488,490,493,505,521,496,471,522,500,470,518,488,488,495,523,502,494,499,491,520,482,506,482,503,510,507,511,501,505,496,501,515,503,495,486,480,507,488,471,495,515,478,494,494,531,481,515,504,515,522,522,479,501,486,479,493,489,510,514,495,502,469,501,491,492,515,500,487,492,513,511,472,518,503,491,502,519,490,524,509,515,499,515,495,500,497,501,489,494,533,505,503,496,473,518,491,487,496,507,497,485,486,503,513,489,502,489,506,519,534,504,501,515,499,515,504,504,478,475,501,510,504,519,501,502,500,490
1000,507,487,517,485,509,505,483,474,506,502,475,514,507,526,512,528,488,483,488,516,491,503,517,482,474,500,490,511,493,507,485,534,484,461,503,500,500,469,514,476,497,494,517,513,519,549,534,501,500,514,503,496,516,467,495,499,497,501,488,493,475,511,499,529,521,489,506,496,494,495,488,527,492,494,504,497,493,486,516,516,509,482,494,487,484,490,524,491,490,503,520,515,512,532,520,489,505,520,465,512,520,494,481,494,501,518,511,506,502,480,505,490,486,516,523,500,477,521,518,490,527,496,508,513,526,497,501,482,497,524,511,514,511,493,498,506,525,482,481,481,514,530,509,502,481,513,495,511,479,494,496,512,494,505,485,503,511,514,503,495,476,515,504,521,495,500,495,514,500,521,490,488,491,495,496,496,494,497,514,503,504,473,515,512,516,487,509,478,458,505,472,493,496,517,484,493,500,517,526,504,506,505,496
1000,508,500,532,500,476,519,513,526,495,472,481,523,517,516,525,488,512,518,503,484,491,520,505,475,500,511,505,510,481,508,492,505,509,497,493,498,509,492,524,468,498,496,519,486,502,504,504,510,525,501,497,516,469,502,505,497,500,507,509,504,508,511,519,485,490,512,501,529,502,509,460,492,503,480,525,461,480,478,478,518,464,476,490,506,509,516,492,489,523,509,486,507,473,497,507,499,491,500,498,491,505,518,488,495,458,490,507,520,508,498,502,506,492,482,509,514,526,509,483,479,522,482,501,487,492,495,503,501,512,487,494,485,481,497,485,510,521,493,502,511,521,504,493,464,485,506,513,505,487,490,489,504,487,500,505,503,503,499,499,501,505,474,489,499,507,524,483,526,506,527,522,506,492,482,506,503,503,502,478,493,500,486,512,503,482,506,482,491,533,498,491,509,498,495,484,500,494,508,484,486,491,493,490
1000,498,470,488,524,517,494,465,500,529,529,515,504,515,509,503,489,489,514,508,504,501,498,524,471,524,493,514,471,520,480,484,488,508,499,506,483,460,512,489,515,508,485,498,518,499,493,523,517,490,505,534,479,515,495,498,509,500,509,492,468,497,514,517,492,523,475,503,476,520,508,489,490,494,512,498,441,514,501,514,529,514,494,496,517,476,478,497,489,503,485,479,493,491,485,533,508,512,511,499,495,506,496,480,500,493,511,473,516,497,496,469,499,493,476,510,474,515,507,513,494,475,501,476,524,512,480,493,514,527,497,468,479,505,493,487,483,499,519,499,517,492,505,531,479,481,485,525,476,502,506,489,486,463,488,484,490,497,506,504,511,492,512,485,497,534,495,515,493,516,495,493,493,499,517,513,489,490,519,503,486,510,520,510,477,480,473,507,520,476,501,527,503,496,471,501,487,520,490,513,516,524,501,488
1000,495,496,505,487,501,482,497,506,522,483,505,497,471,487,478,495,501,488,525,485,486,479,527,495,480,496,472,522,502,484,481,494,502,469,464,508,478,467,515,479,528,483,506,483,518,510,494,503,500,499,531,501,495,500,513,505,527,503,525,516,546,505,488,488,500,511,501,518,530,513,496,488,492,502,477,531,514,532,491,500,469,499,516,497,489,492,504,497,500,489,521,502,489,487,471,521,507,494,512,490,505,499,485,513,508,503,494,507,513,520,486,471,505,534,491,494,468,477,496,487,530,520,503,512,503,497,485,520,478,493,523,513,519,487,502,495,503,520,504,488,507,488,487,508,529,493,506,507,498,523,480,521,482,496,505,514,506,484,515,508,499,508,495,488,534,500,501,511,521,470,484,480,521,514,486,506,477,496,487,485,526,522,489,502,486,480,522,504,491,488,491,475,498,524,482,501,505,497,504,520,485,485,521
1000,491,501,506,516,485,505,521,472,499,507,491,495,502,491,499,495,486,487,506,532,506,521,508,497,504,496,497,500,491,483,487,487,492,461,476,532,505,504,517,527,518,515,497,498,494,500,518,506,515,504,495,511,501,516,491,480,496,485,499,521,477,497,509,492,510,519,503,488,534,492,494,510,509,482,523,525,495,489,500,521,481,474,525,487,486,507,527,504,500,495,489,489,499,515,514,514,479,506,512,508,479,514,485,485,485,524,538,499,492,495,494,486,512,504,487,489,496,507,489,495,502,515,509,482,513,497,501,495,496,481,509,501,488,491,501,499,503,502,529,489,494,510,508,506,498,507,481,506,506,498,495,487,493,492,484,492,503,443,482,521,489,503,513,510,513,477,487,520,500,476,517,468,512,498,504,524,509,511,526,510,520,500,527,497,503,524,488,480,526,500,520,511,516,507,500,513,503,494,514,489,500,499,518
1000,475,489,478,492,481,475,516,528,484,522,491,498,501,531,492,486,472,462,504,513,484,507,499,515,516,511,519,486,513,495,522,523,502,465,512,471,516,522,528,508,479,482,500,530,499,515,488,502,503,501,518,469,514,496,488,475,522,528,504,497,495,519,515,499,510,459,514,526,487,507,503,500,540,500,494,516,495,518,507,481,487,501,508,491,517,494,486,489,486,516,501,493,508,483,495,510,500,494,501,466,485,529,487,484,461,525,471,478,501,457,501,506,513,532,516,518,498,515,496,505,505,508,506,498,493,489,503,489,510,493,486,491,508,515,520,487,505,508,514,530,521,508,492,493,511,493,491,480,467,511,504,511,512,519,486,486,496,493,499,475,500,470,499,500,520,492,518,507,480,520,508,512,497,498,496,491,505,538,526,497,500,514,492,497,508,455,505,493,513,507,516,483,517,482,523,523,503,491,489,501,490,508,500
1000,495,478,501,516,467,495,497,488,492,534,493,520,498,505,499,494,488,496,501,468,487,494,522,503,519,486,495,504,502,517,509,528,469,479,511,468,485,491,519,487,483,517,515,500,453,509,507,489,505,479,487,499,499,484,482,503,544,499,512,483,504,487,461,496,492,495,518,488,488,532,487,477,493,490,502,506,508,481,489,487,508,494,498,500,542,487,503,510,488,501,519,516,473,489,512,523,527,494,511,513,508,496,521,517,496,484,512,498,523,502,495,517,517,506,486,507,514,519,500,474,515,488,480,486,518,524,528,485,483,506,481,496,521,501,500,496,495,517,487,497,505,491,489,485,499,482,507,482,474,495,509,500,497,490,505,516,525,496,481,495,506,503,497,516,519,479,493,524,492,459,511,509,494,500,519,509,522,500,507,480,501,501,477,508,507,474,470,505,476,493,494,466,498,479,491,496,511,517,516,481,492,498,492
1000,497,504,511,508,507,502,524,485,519,491,496,483,524,532,487,504,513,513,490,518,539,491,511,503,497,502,480,489,500,520,509,514,495,489,524,512,487,496,496,503,515,495,502,480,510,488,488,520,519,509,513,451,519,523,491,521,479,521,488,502,507,494,486,483,500,514,479,502,489,503,488,489,526,481,502,512,521,503,498,508,497,476,471,478,491,494,501,492,506,516,511,487,523,504,535,485,485,506,504,539,495,480,496,500,515,486,514,473,472,503,509,515,492,512,521,500,485,479,507,509,487,510,487,505,482,499,508,495,510,476,510,497,505,516,489,492,527,521,502,522,479,495,505,521,516,519,515,502,505,503,507,495,519,499,517,505,484,501,463,507,484,522,528,527,517,506,492,483,495,498,505,510,453,496,501,510,481,482,487,501,505,506,524,476,488,471,492,512,484,502,503,489,523,511,469,519,505,490,490,493,504,494,456
1000,512,522,492,497,500,474,527,484,518,505,501,510,489,508,509,498,479,490,516,512,473,514,474,464,518,490,466,510,474,505,498,460,458,503,497,516,520,482,488,528,502,468,505,519,520,479,505,495,527,515,518,502,515,483,484,510,494,471,508,525,510,512,494,481,473,502,500,480,482,510,506,490,499,484,497,486,499,494,504,515,497,492,485,497,492,463,502,493,477,515,515,496,525,478,505,512,497,542,508,500,486,525,526,529,529,509,493,497,522,507,487,482,536,499,508,488,496,495,507,500,522,508,473,493,516,512,495,490,512,495,487,491,508,504,509,511,509,510,510,456,505,510,520,514,522,508,482,515,487,518,498,484,516,488,485,488,477,518,517,499,479,528,514,494,504,498,477,483,522,494,505,533,522,501,480,511,518,483,500,475,487,483,487,534,489,510,492,543,489,493,498,502,499,489,472,504,469,492,517,491,521,495,520
1000,503,515,500,489,491,523,488,519,485,514,501,495,502,523,496,518,497,495,494,497,500,480,531,517,469,521,497,501,489,495,481,524,479,495,501,485,494,479,485,488,503,487,487,484,485,488,490,535,519,494,487,507,488,521,505,488,484,486,492,515,494,523,490,498,515,500,516,506,506,501,496,516,494,524,502,496,505,518,498,524,473,474,508,485,503,524,491,517,503,492,542,513,495,472,496,492,491,497,504,527,516,522,518,509,475,486,520,493,482,515,490,489,525,492,486,511,514,491,482,494,497,484,517,471,489,496,485,512,507,508,491,498,508,510,510,507,511,504,496,492,490,481,489,493,515,531,489,498,489,514,473,499,469,491,524,477,511,485,491,500,507,507,489,508,505,510,525,486,484,479,485,493,472,496,468,513,489,508,517,478,481,471,521,514,488,501,496,517,468,504,492,497,504,497,496,499,504,511,493,504,483,501,476
1000,508,507,458,463,490,537,466,501,496,514,500,502,521,496,516,510,512,518,481,516,516,513,496,485,518,479,519,507,485,484,514,508,493,489,487,478,515,469,502,520,489,499,494,513,481,498,527,496,512,510,489,463,500,500,497,521,505,502,511,517,476,479,481,500,504,505,465,482,527,518,466,504,492,512,478,501,501,491,452,499,499,492,495,507,515,529,524,493,513,528,512,520,505,503,500,512,494,510,473,492,460,482,504,500,490,516,495,510,513,495,492,516,510,501,505,508,490,514,521,521,495,508,547,521,493,490,503,527,502,466,488,478,501,518,507,505,491,509,490,498,490,506,483,498,508,487,510,496,487,482,521,466,494,475,486,531,488,491,503,487,501,477,506,512,490,489,503,479,490,496,510,530,517,501,482,520,506,507,513,487,504,505,460,493,496,508,517,508,479,491,533,514,513,491,493,513,507,519,496,513,483,492,512
1000,510,479,459,520,508,482,495,466,512,477,497,494,524,499,524,476,473,488,504,501,524,496,515,499,503,498,482,495,494,507,526,511,476,498,474,475,491,530,505,532,475,531,504,480,493,499,525,500,486,505,510,498,534,493,536,488,473,516,492,485,500,491,510,497,529,501,504,526,507,521,528,503,522,512,505,498,505,515,515,494,542,491,510,520,484,494,481,532,490,473,512,499,508,489,489,515,514,513,518,505,483,511,510,497,473,514,512,523,504,511,492,503,504,514,495,518,522,468,503,534,497,490,495,498,498,494,499,508,504,497,486,516,501,492,490,507,514,503,517,493,485,525,482,484,496,522,502,476,489,503,503,503,475,495,493,504,465,525,497,517,507,501,490,509,492,479,489,525,505,523,501,504,504,497,521,494,498,518,512,501,515,507,484,498,506,523,509,485,487,480,499,492,495,487,505,492,489,504,504,515,483,478,501
1000,465,505,525,521,491,464,490,483,491,523,492,500,522,497,494,509,508,489,494,463,520,505,482,486,537,492,489,491,498,499,482,549,522,510,510,508,511,504,506,489,505,506,515,505,516,485,489,521,516,492,498,508,521,488,472,488,512,494,492,511,513,499,501,511,511,497,493,490,506,501,475,498,510,498,513,526,472,465,504,501,499,501,463,507,497,513,519,487,486,527,515,477,492,513,533,497,498,525,511,502,494,498,525,498,492,512,507,500,502,473,489,494,470,470,497,542,501,505,530,488,488,499,509,474,492,498,519,513,501,481,495,495,483,486,460,488,506,518,487,513,515,485,493,479,487,498,480,511,497,486,508,473,481,534,522,496,531,502,500,460,495,517,510,509,512,473,498,475,496,479,548,518,506,476,531,513,522,500,463,525,524,472,496,484,516,511,508,491,492,509,486,488,506,500,481,508,504,477,491,497,498,507,495
1000,481,493,496,511,497,493,492,503,491,470,450,524,486,499,507,511,500,499,503,489,515,465,501,505,480,498,522,511,479,492,492,505,494,508,505,509,458,479,490,471,495,507,502,494,501,507,478,528,514,475,506,511,514,512,508,519,497,486,510,539,504,518,510,497,503,491,508,493,500,513,472,494,495,497,500,504,500,497,500,502,481,494,512,498,479,481,481,484,515,493,499,522,487,513,529,510,507,534,498,512,494,522,510,519,460,507,485,501,505,504,489,523,505,506,468,481,474,494,523,493,504,503,489,534,516,509,487,519,489,507,512,508,500,501,522,482,511,513,485,493,498,502,506,512,508,512,489,509,492,498,525,493,495,494,526,507,518,507,511,505,531,519,466,520,520,507,483,509,519,511,521,476,471,525,509,518,501,476,519,511,519,490,473,483,473,553,484,490,487,511,480,514,529,511,465,530,494,517,520,484,506,514,471
1000,501,507,519,503,498,478,510,483,525,505,484,511,462,506,467,504,498,518,487,484,518,491,516,506,502,484,487,488,513,476,515,533,526,497,486,474,484,485,461,517,471,508,486,495,541,501,502,464,502,500,510,469,513,512,529,497,510,518,482,485,516,481,490,487,533,473,483,486,512,526,481,499,508,515,496,512,499,486,502,503,485,474,492,500,503,487,494,477,515,486,505,518,484,516,509,487,514,491,484,517,487,492,485,483,505,495,498,516,527,507,499,520,494,511,489,515,487,501,512,519,494,526,510,497,469,463,479,503,502,496,516,536,484,523,521,493,488,525,508,490,511,515,513,532,534,480,477,491,508,477,516,496,504,510,486,499,478,505,509,492,503,501,466,495,522,498,463,494,508,498,502,475,522,523,502,498,503,517,512,529,499,503,517,480,480,509,522,507,500,491,513,504,537,513,507,534,497,520,465,519,517,496,527
1000,499,528,524,510,509,483,512,522,509,496,500,478,496,497,519,492,499,519,490,513,481,502,491,473,518,495,529,493,493,516,510,484,479,523,498,495,517,535,504,518,525,486,511,499,523,486,496,505,504,500,506,491,511,510,495,544,483,494,494,505,506,484,504,498,494,474,497,509,504,508,503,465,518,511,508,464,505,513,503,498,517,500,499,472,491,498,519,500,476,502,501,502,475,490,506,503,512,527,544,508,485,516,501,460,538,493,479,500,508,484,505,493,497,495,508,494,490,482,473,474,491,502,487,495,501,482,496,486,486,486,498,500,527,476,485,511,505,501,485,514,520,472,517,480,488,488,482,506,482,485,492,487,489,510,518,512,497,508,502,518,490,494,496,509,488,497,496,477,492,484,517,505,488,490,498,470,520,510,516,503,487,508,503,482,461,503,479,486,523,478,521,509,498,498,489,496,492,497,507,472,517,478,494
1000,514,483,511,497,503,500,516,494,513,477,499,489,491,529,491,514,484,521,506,503,484,485,483,514,502,490,483,511,512,499,513,518,488,515,529,503,469,499,510,482,492,489,480,501,525,501,511,501,482,519,489,508,466,493,518,516,496,527,520,484,489,491,515,503,487,526,515,505,473,517,507,468,532,478,492,517,479,501,517,509,472,486,495,476,493,520,500,482,517,511,499,516,499,492,524,531,500,495,523,517,488,495,517,494,500,519,503,515,515,502,521,488,500,510,501,507,493,498,518,500,491,490,487,507,497,501,516,484,485,470,499,497,487,481,494,520,511,530,482,489,529,512,510,477,513,542,506,490,512,510,481,491,504,482,475,517,506,508,488,529,500,500,496,471,483,532,507,503,494,506,490,514,461,489,515,533,495,471,491,473,504,490,473,510,520,498,488,496,490,499,507,496,497,497,459,494,488,522,495,485,505,493,468
1000,510,490,523,519,511,507,488,500,501,497,495,490,519,528,486,496,477,491,494,469,493,515,471,506,550,494,474,486,486,524,526,513,490,494,494,485,489,486,495,525,483,496,472,467,504,515,499,492,493,507,505,516,484,490,495,495,479,518,498,502,488,507,499,488,529,479,506,462,492,503,509,509,502,471,482,519,486,486,509,492,515,479,504,496,476,501,506,490,487,488,497,501,495,494,516,497,494,481,512,522,536,506,530,496,518,489,488,499,532,518,511,504,504,471,504,491,468,466,484,538,506,499,497,510,493,529,517,489,512,516,489,503,525,513,475,496,513,509,523,502,498,484,511,503,541,519,481,503,506,493,515,492,496,493,483,492,488,499,498,500,500,462,519,508,494,513,507,484,493,502,500,515,504,518,492,506,495,512,484,514,503,518,495,482,505,484,517,473,501,507,517,493,516,486,503,518,483,491,500,519,511,513,507
1000,493,482,502,497,515,487,538,508,515,503,495,525,508,501,506,496,495,501,477,487,497,479,526,491,493,493,495,506,464,515,503,498,490,498,494,523,484,477,524,510,508,493,510,494,497,500,491,496,525,478,494,494,488,504,506,488,518,504,477,498,484,511,495,508,521,530,517,479,513,505,506,511,492,485,489,491,497,492,488,504,498,504,499,499,499,502,497,511,497,500,491,511,468,500,528,505,491,495,516,495,507,491,504,494,511,511,510,521,503,522,476,491,527,525,483,479,500,500,487,513,495,482,526,517,486,474,513,493,515,499,477,493,522,459,503,491,502,496,484,519,529,461,503,508,491,477,485,508,515,482,532,493,510,499,497,506,492,480,488,461,473,514,527,491,484,477,508,473,500,514,501,501,498,506,503,517,501,508,491,481,524,489,520,498,510,521,480,499,517,509,478,517,485,463,501,489,465,510,484,475,500,504,502
1000,485,501,500,527,519,503,515,472,504,535,510,481,505,488,499,498,508,506,508,486,467,510,518,506,493,497,477,483,498,496,503,477,515,488,526,491,493,527,517,525,507,491,507,459,504,476,495,506,497,515,512,481,505,522,507,502,515,556,489,514,515,525,497,485,490,510,481,499,483,496,492,506,517,523,501,515,486,506,528,506,513,514,479,493,499,487,504,522,484,488,514,526,483,492,501,505,516,512,482,528,527,519,503,517,514,490,491,491,500,492,532,523,499,496,488,511,480,489,493,514,493,499,510,527,529,518,516,493,485,509,521,515,512,495,512,507,494,489,515,501,510,495,497,507,489,510,504,515,490,479,505,515,497,480,498,503,486,520,525,498,512,493,481,495,504,519,495,488,523,498,483,512,507,505,509,530,521,505,512,479,511,481,510,499,495,499,482,496,495,505,481,501,503,515,489,502,504,519,528,488,498,509,509
1000,507,496,513,506,516,522,499,490,499,533,499,483,520,474,504,506,515,487,493,505,541,487,542,489,497,509,528,499,499,508,505,476,500,500,524,500,505,531,518,506,492,494,489,518,495,487,483,526,475,510,472,494,488,502,511,496,522,513,501,524,490,500,517,520,513,511,482,506,504,494,487,501,503,512,522,497,514,529,509,480,496,510,529,512,479,488,504,496,507,515,504,506,507,510,498,503,475,488,468,519,533,523,505,499,503,497,518,491,489,513,496,538,491,486,498,480,500,504,498,504,480,493,495,508,512,509,485,488,513,513,517,518,512,498,509,515,490,504,508,509,507,516,491,506,526,500,508,493,493,508,486,513,457,516,532,513,503,487,478,491,500,492,499,489,496,498,509,489,471,498,514,506,513,486,503,524,525,489,510,501,524,500,495,485,500,486,492,519,493,495,487,504,505,522,481,508,514,506,512,498,490,497,516
1000,466,523,473,505,520,496,478,497,486,539,479,482,497,500,508,508,501,483,507,503,510,512,538,516,487,506,496,500,507,509,507,480,508,485,533,503,499,500,524,482,476,508,502,511,504,504,514,500,471,492,505,508,494,514,490,489,500,498,508,542,498,516,470,516,509,478,503,493,536,508,494,472,517,498,536,500,520,527,497,486,499,478,499,514,469,527,524,499,517,488,517,524,471,517,516,501,496,492,490,476,500,491,510,497,500,522,500,495,514,481,484,525,510,532,483,524,503,522,494,480,506,497,494,480,496,494,494,506,497,503,492,511,497,504,464,484,485,515,484,464,495,488,511,469,478,502,504,491,490,519,512,515,508,530,465,486,472,492,490,509,508,500,498,481,524,513,492,515,506,509,492,501,493,481,499,514,513,527,511,524,502,496,483,480,518,487,488,520,492,491,515,504,507,484,510,503,493,524,493,479,522,488,491
1000,488,527,472,529,499,491,517,502,487,520,502,485,511,483,501,489,492,504,497,505,497,506,502,479,500,491,495,513,525,512,481,492,502,495,482,519,486,478,486,507,523,487,524,509,505,518,511,506,480,492,506,528,483,488,509,509,486,493,509,523,506,477,495,500,496,491,516,514,506,499,497,511,499,514,488,510,502,482,507,516,488,520,523,486,506,485,534,502,492,487,488,477,498,488,494,492,468,489,525,511,492,489,523,518,539,510,513,508,505,511,521,490,469,521,464,457,516,517,487,503,483,476,503,470,508,483,501,493,499,501,546,504,490,507,500,491,514,475,525,516,485,533,495,513,526,491,493,518,494,501,512,518,490,505,498,483,528,500,512,489,473,497,497,482,497,497,474,496,492,522,481,507,497,497,476,498,496,520,513,498,490,505,514,513,478,473,478,485,517,524,511,526,512,549,511,514,498,481,497,489,496,523,500
1000,509,510,503,514,498,498,526,503,491,527,525,505,500,488,515,515,516,476,508,508,525,519,505,520,481,481,474,491,482,473,503,488,499,495,519,487,506,459,523,471,504,483,493,486,533,530,497,505,477,489,492,485,489,512,492,512,505,504,500,473,505,480,478,496,525,475,507,494,497,522,517,508,520,503,495,507,489,533,504,503,499,502,515,523,509,500,489,476,499,538,493,507,491,473,469,513,505,516,498,481,511,483,526,503,509,503,482,496,476,522,511,493,526,520,509,504,495,471,509,498,511,492,505,484,498,533,517,525,516,493,523,519,504,482,492,497,496,501,498,479,484,491,516,478,505,487,462,523,479,496,493,489,495,531,520,519,498,499,492,506,477,491,513,525,475,511,488,504,501,506,522,493,500,523,495,496,489,516,529,514,525,494,489,478,506,513,518,485,507,491,504,502,492,519,497,488,490,510,499,528,518,489,501
1000,506,491,473,499,517,507,511,517,496,499,492,495,499,481,488,512,504,511,493,505,472,469,499,502,458,486,532,498,506,508,475,531,474,498,483,498,508,512,510,509,468,519,490,539,500,511,522,530,495,478,501,489,504,528,492,491,500,498,498,484,501,506,481,510,511,488,504,506,481,510,500,511,491,483,487,521,509,514,509,489,502,510,523,499,530,485,506,505,471,494,501,512,495,471,496,505,477,481,502,487,475,513,506,505,510,487,509,493,500,498,485,493,493,509,511,494,495,503,472,513,492,468,489,528,494,532,484,484,505,520,497,506,515,508,509,506,496,531,493,504,514,514,472,493,492,486,516,488,487,509,496,530,508,499,502,478,518,487,476,511,502,500,536,519,499,495,494,528,505,511,504,513,488,494,505,510,490,502,508,517,485,477,507,508,503,490,493,505,505,528,535,493,493,492,484,486,510,507,494,489,474,532,488
1000,504,518,494,479,504,502,503,512,481,488,482,481,494,474,518,494,511,488,537,500,488,514,479,489,490,503,501,501,510,498,503,486,466,502,491,489,487,500,483,485,511,494,491,509,507,496,485,513,526,504,492,485,480,473,508,490,471,520,483,480,514,524,505,513,509,494,524,530,509,490,502,503,482,537,485,505,479,507,506,498,524,512,488,525,522,504,510,508,521,527,496,497,500,530,505,490,490,491,461,512,514,514,524,499,484,493,504,472,488,503,511,514,490,513,511,502,502,487,503,497,502,492,503,492,499,482,486,498,513,509,478,496,514,507,522,483,496,495,529,489,462,493,493,513,467,486,499,517,514,510,524,484,498,507,491,499,516,505,476,491,493,507,506,505,506,512,522,484,490,472,511,505,486,496,511,495,480,529,503,491,494,482,496,519,493,521,493,509,504,489,488,512,514,478,514,517,506,499,500,488,499,491,488
1000,488,488,455,522,507,488,510,473,465,474,499,480,511,500,520,500,530,489,515,486,483,494,502,474,511,504,491,514,494,492,519,513,509,488,472,516,518,520,520,498,461,508,507,496,504,510,481,503,506,498,502,481,498,505,477,514,492,476,532,518,512,452,499,522,500,501,515,539,480,504,498,498,469,509,497,481,519,471,520,509,505,477,470,526,522,511,488,504,513,501,507,492,487,507,478,493,521,490,510,505,517,502,478,514,492,531,485,495,494,495,511,504,476,506,512,525,483,518,497,505,483,472,488,494,488,521,506,495,494,483,520,507,546,485,515,488,485,506,500,513,483,494,486,503,501,519,478,477,483,478,492,506,495,485,493,498,504,524,498,491,491,507,499,523,501,513,498,532,471,509,495,486,496,504,490,472,483,538,489,485,548,502,531,515,516,509,531,506,510,508,474,502,492,516,526,492,473,489,483,524,489,502,502
1000,506,493,488,516,500,497,495,503,529,509,488,513,497,504,488,494,496,494,463,501,479,524,515,522,487,504,491,502,492,471,504,513,501,516,487,488,522,502,483,460,482,511,506,493,525,515,520,498,505,488,512,476,473,523,524,482,488,513,496,493,504,488,499,491,496,504,513,522,500,473,509,507,511,490,493,532,507,509,506,489,489,507,530,518,489,495,492,491,511,487,494,504,523,498,496,526,485,516,467,496,490,497,485,503,511,510,492,490,505,503,502,501,510,520,516,525,508,485,494,491,498,473,504,527,516,504,517,501,513,502,493,516,489,496,518,496,520,490,493,487,481,499,498,479,497,509,492,503,514,513,524,473,503,517,523,480,491,495,509,508,497,499,510,494,504,514,479,508,461,515,518,485,487,510,486,501,493,516,483,511,489,514,522,472,504,495,543,474,502,513,490,496,492,494,500,491,492,511,514,541,496,512,490
1000,504,501,494,505,477,516,520,502,474,487,500,482,484,503,509,489,504,484,498,517,504,504,491,484,482,511,504,498,493,501,518,485,488,501,499,495,521,491,535,485,514,492,484,487,495,478,491,489,503,464,512,494,536,507,514,509,518,507,510,520,501,513,499,484,461,510,478,504,513,511,503,511,477,527,507,498,471,506,491,484,491,529,493,508,525,498,492,499,500,516,504,506,482,502,474,529,506,502,522,482,513,501,489,474,490,496,512,492,495,484,486,531,472,479,483,479,509,494,524,491,508,474,507,524,481,504,515,501,488,492,515,499,519,496,501,511,489,510,514,483,499,503,488,463,499,491,487,495,474,508,514,484,515,516,496,466,476,508,497,516,509,489,494,526,516,514,468,519,510,506,506,499,501,499,501,511,502,502,512,515,505,505,511,499,503,486,491,484,491,491,496,516,472,515,491,471,500,508,474,485,489,495,502
1000,527,478,516,504,504,481,521,504,483,506,514,484,503,493,498,512,503,510,489,504,492,495,487,495,509,487,502,478,535,532,492,489,502,525,499,525,515,511,487,483,510,505,498,519,502,489,502,482,512,498,481,495,493,519,515,495,497,498,517,510,485,501,494,473,505,543,484,526,473,493,499,489,513,512,500,492,502,514,521,510,494,519,495,499,514,481,525,484,497,513,524,487,501,482,504,511,518,500,465,508,494,523,503,505,500,504,479,494,505,502,505,506,476,503,482,510,491,490,491,493,502,517,495,504,518,508,525,485,473,493,518,518,507,488,481,473,498,511,523,481,487,481,514,515,519,506,503,514,498,476,521,515,498,483,502,495,527,477,516,493,517,503,519,518,528,471,542,510,513,513,496,511,511,485,518,522,488,482,494,495,505,516,457,508,491,494,498,508,514,536,509,495,489,520,475,489,502,494,511,500,508,532,512
1000,496,479,507,496,479,527,495,484,494,518,532,485,492,511,481,474,495,519,511,508,493,495,516,521,492,514,488,490,504,514,514,471,492,494,491,485,496,485,455,514,508,516,485,500,497,491,481,513,511,517,505,488,498,519,483,495,515,496,501,497,497,504,494,525,507,492,506,522,487,496,505,498,521,508,521,509,509,496,480,502,492,486,486,471,501,500,493,504,517,498,504,494,512,528,511,514,496,503,515,479,491,497,506,511,488,481,509,500,492,511,480,512,515,491,489,508,486,489,500,497,500,503,502,505,494,494,488,496,511,485,522,487,503,458,493,515,499,531,507,478,500,491,504,496,525,516,479,508,500,502,508,512,505,510,486,507,484,521,499,471,524,515,492,504,520,499,515,495,504,508,519,505,526,504,509,497,495,495,467,496,489,522,506,520,473,491,514,511,493,491,525,477,515,522,481,516,468,498,496,513,505,488,534
1000,463,493,487,508,511,480,516,524,483,488,505,507,496,502,500,512,509,502,483,521,476,479,497,495,491,508,492,501,504,493,524,510,495,497,501,504,535,489,497,522,520,487,504,518,484,504,499,504,462,511,507,486,462,513,496,499,495,481,478,489,501,520,517,518,495,507,516,516,521,507,511,484,512,522,485,515,510,489,505,475,511,482,515,522,497,508,496,484,509,500,505,512,490,502,504,497,514,512,490,494,512,475,510,489,491,510,481,510,478,489,502,494,492,509,494,499,513,513,516,503,524,465,508,489,513,532,490,523,501,519,491,493,479,512,507,501,486,532,524,498,497,488,505,502,489,491,488,466,497,524,515,482,484,494,508,512,498,489,508,508,509,531,495,519,481,471,517,498,501,497,498,483,466,498,491,491,528,506,502,508,510,467,498,515,466,489,504,510,471,520,488,512,511,487,496,519,482,511,513,499,511,518,466
1000,504,486,498,508,487,486,517,474,516,502,471,479,501,514,514,521,513,510,499,477,517,500,495,519,493,502,501,483,498,495,475,513,469,500,520,487,514,476,510,518,492,496,518,468,505,492,514,509,502,480,475,498,512,492,490,488,496,482,507,494,507,509,486,517,499,530,507,521,480,486,509,465,508,508,519,512,508,506,548,491,484,482,486,499,509,516,507,479,496,507,487,496,476,518,513,504,508,518,535,505,502,481,509,539,501,480,506,510,479,502,501,469,521,507,517,462,505,482,484,491,533,497,494,507,522,517,504,509,504,499,526,488,517,510,515,482,471,512,478,516,498,506,501,511,501,484,506,487,493,508,508,519,488,520,493,481,517,504,497,496,482,494,518,500,504,507,500,497,523,509,492,495,492,494,509,472,483,483,510,516,484,509,492,513,510,500,507,487,498,508,489,500,492,522,459,488,476,498,517,510,504,509,492
1000,507,490,494,522,488,478,488,488,512,508,504,513,488,497,498,538,520,497,503,497,514,471,483,514,514,514,521,493,497,494,512,541,520,496,520,475,516,514,486,489,488,491,517,519,501,510,487,511,486,512,512,525,485,498,512,502,523,506,480,469,487,493,491,509,506,503,507,510,488,504,519,480,516,475,466,479,502,514,517,521,496,497,500,494,508,509,491,490,537,498,506,506,520,494,479,482,500,511,501,503,489,523,489,477,513,483,516,486,490,501,522,522,530,507,513,517,485,513,511,497,478,480,481,494,468,542,490,512,534,485,479,519,516,494,484,524,472,496,485,486,486,479,509,497,492,503,494,540,509,495,509,510,493,491,498,499,497,480,483,518,497,469,498,503,518,517,482,497,472,511,492,495,482,504,492,489,497,488,521,490,501,515,517,482,513,505,507,492,510,506,534,481,514,480,469,515,488,507,474,509,510,504,484
1000,485,517,489,487,525,509,492,488,505,520,488,511,492,484,495,474,494,471,493,500,536,502,509,507,471,521,517,512,512,501,495,477,478,504,517,522,494,499,511,473,492,485,491,506,515,499,511,511,498,535,504,503,492,493,511,505,503,482,501,498,495,495,512,514,467,496,484,533,508,508,509,491,484,486,505,512,516,507,482,486,485,489,501,499,503,504,512,510,489,505,483,500,467,519,509,496,485,539,493,479,497,492,527,480,469,507,502,476,499,507,509,488,510,497,498,513,491,495,512,495,496,493,490,474,504,541,468,496,487,531,486,504,486,480,482,507,505,496,484,506,498,504,530,506,467,532,507,498,501,493,479,503,506,486,490,502,508,528,526,460,472,502,515,512,507,489,499,493,471,503,540,485,483,472,495,516,511,490,511,519,501,505,514,494,517,513,497,501,498,494,510,486,488,487,478,494,510,495,503,504,526,501,481
1000,490,505,507,475,515,498,486,489,519,512,505,507,496,475,493,510,520,512,497,519,487,480,503,517,519,467,523,512,478,494,509,524,489,502,496,476,486,523,507,505,510,512,543,482,512,476,507,488,514,503,508,496,513,477,507,504,496,488,483,503,516,486,512,512,488,487,492,541,500,524,507,488,493,510,498,511,514,497,513,516,515,509,497,479,497,502,511,480,494,501,498,500,491,461,498,502,501,506,494,507,497,486,461,512,480,520,506,504,500,513,503,513,506,521,488,473,520,519,494,528,530,503,504,469,505,489,499,490,485,521,486,534,496,507,489,497,482,533,507,476,481,499,472,503,481,507,485,498,503,478,495,504,495,499,482,502,505,475,507,469,513,519,478,497,496,481,505,481,503,501,508,530,510,504,510,506,505,471,493,521,507,478,500,495,501,519,528,526,516,521,507,472,508,480,461,513,457,496,502,533,468,520,507
1000,510,497,498,496,509,513,494,503,525,510,531,521,483,493,509,495,497,471,480,506,500,526,508,474,478,465,491,505,517,500,484,485,505,475,495,495,495,496,480,511,490,517,497,491,494,497,491,511,492,504,474,501,500,483,497,499,539,485,480,496,465,563,519,486,518,490,458,521,484,503,528,511,476,483,513,486,526,522,502,513,495,529,507,492,516,493,510,495,495,510,520,502,502,524,483,507,544,526,518,490,493,500,498,517,514,515,486,484,493,492,508,521,490,505,479,491,483,493,498,499,543,509,532,502,511,524,529,525,502,512,534,497,503,524,491,482,524,502,507,508,497,496,490,499,480,489,495,491,522,489,499,512,520,498,486,456,523,526,496,483,492,552,517,476,473,515,509,481,485,501,528,502,527,497,505,509,495,513,502,488,527,474,474,498,478,482,495,505,489,504,508,496,517,538,494,510,486,496,510,480,488,501,522
1000,495,497,490,476,511,527,471,508,513,458,489,505,491,492,490,510,484,489,501,517,498,528,521,504,548,485,477,492,494,501,506,488,517,496,517,521,477,495,519,514,497,475,489,523,494,519,523,513,491,503,490,517,494,502,520,507,495,520,515,507,483,494,493,510,488,522,493,506,484,500,473,480,498,528,513,493,520,496,521,511,496,468,511,518,506,488,512,535,506,518,523,531,503,506,478,492,531,497,501,512,475,477,520,479,506,512,486,519,523,517,502,487,503,480,503,522,503,490,490,477,500,482,518,517,483,477,475,519,522,514,475,519,510,510,526,504,504,489,485,487,489,489,483,484,499,493,489,490,484,511,510,517,515,528,528,495,490,511,480,496,472,504,477,488,507,544,501,500,526,497,520,511,507,505,510,512,479,498,512,512,481,478,520,499,473,475,526,528,511,530,480,494,522,474,483,523,484,531,479,522,482,535,501
1000,494,498,521,474,486,514,499,491,515,508,502,489,491,486,516,508,514,490,512,489,499,495,491,486,514,502,515,485,504,490,509,510,511,520,483,493,492,501,501,481,513,522,505,520,492,498,509,498,523,514,496,509,506,508,524,507,515,503,482,516,505,496,494,471,499,507,475,498,531,497,520,516,488,503,517,499,498,479,488,514,501,515,510,493,527,457,532,500,548,500,490,504,473,505,486,496,496,472,500,463,482,498,507,504,521,493,492,515,505,498,496,483,520,501,507,519,509,489,516,518,508,481,525,479,479,496,511,539,513,518,497,500,488,503,497,481,508,496,513,499,493,508,492,485,508,505,489,510,511,493,497,481,510,476,518,503,510,501,486,521,489,495,522,519,498,480,486,520,505,494,493,514,481,504,464,512,482,514,505,499,490,483,511,498,502,518,495,488,506,501,495,501,538,496,504,540,487,500,481,497,490,503,485
1000,506,528,491,503,523,488,489,474,491,496,503,501,493,518,510,502,519,499,495,479,506,464,489,512,520,506,505,513,491,516,498,520,524,471,477,499,509,502,521,522,506,508,477,472,474,493,502,496,488,504,510,490,490,481,500,509,489,535,516,494,497,499,492,504,504,458,489,510,503,464,496,484,509,480,517,508,467,498,522,525,489,508,492,506,498,525,502,490,509,510,474,504,506,528,511,480,483,510,510,504,483,497,517,483,522,490,493,508,514,490,525,484,504,514,503,510,505,497,495,480,506,502,497,494,500,487,499,506,498,504,483,521,528,526,482,481,493,523,491,477,490,471,490,508,487,491,486,509,501,488,494,496,504,484,527,485,493,518,500,514,526,499,501,510,508,474,478,484,495,513,499,502,508,485,521,486,506,516,533,514,500,513,497,516,486,516,509,491,502,508,526,523,509,484,503,506,508,511,507,514,481,516,507
1000,486,498,492,492,484,487,492,481,476,503,511,497,486,521,510,466,493,497,528,512,516,496,486,504,500,498,483,483,499,496,501,479,490,474,514,494,509,503,495,479,529,536,492,504,502,515,500,506,474,510,503,499,471,516,524,483,474,480,493,484,492,509,521,499,499,523,512,477,503,487,486,504,489,500,512,477,528,501,464,483,498,537,495,502,535,497,491,539,522,511,492,501,511,484,486,514,496,491,504,492,478,518,516,471,488,486,526,511,509,500,526,479,479,487,518,486,480,541,480,515,518,470,493,499,494,527,495,508,499,478,506,485,500,484,510,494,479,475,502,513,492,489,485,484,484,480,490,472,514,487,513,502,505,483,485,483,506,512,495,501,499,483,518,488,494,491,500,490,484,513,508,487,501,501,508,465,490,482,512,512,508,482,518,477,514,503,520,498,506,491,494,459,506,501,469,509,486,504,486,526,491,489,502
1000,494,507,530,491,483,491,480,514,510,495,521,506,490,492,476,486,523,481,515,506,490,480,492,521,504,518,477,506,482,500,499,514,486,497,504,481,490,514,521,500,488,481,496,527,488,514,487,516,495,495,505,520,508,515,507,490,465,491,473,482,496,480,472,497,532,512,522,522,517,490,524,489,480,497,508,473,501,521,509,503,491,493,522,547,488,510,503,485,497,497,498,503,467,503,490,477,512,505,490,481,528,512,489,490,498,528,495,496,496,514,483,494,489,517,511,510,506,507,524,475,490,497,498,490,489,482,501,472,486,508,526,505,509,518,473,506,527,481,496,494,501,492,511,502,476,478,497,494,487,519,494,519,497,481,469,491,520,506,531,514,503,508,504,480,522,526,490,533,507,534,517,503,515,477,481,507,511,473,493,532,518,505,491,518,508,503,506,483,493,495,498,507,509,525,460,509,495,501,488,500,512,496,512
1000,546,504,474,511,474,503,473,514,499,494,498,474,508,487,525,499,511,495,503,496,505,490,512,510,536,502,486,511,485,504,531,497,498,509,479,493,535,487,506,493,499,475,474,522,494,498,540,487,500,501,503,495,509,498,518,486,496,491,525,505,501,496,508,505,499,494,492,474,514,503,497,485,504,484,508,518,475,493,496,497,494,498,505,518,512,504,504,505,506,472,495,509,484,529,502,488,503,513,506,521,538,495,521,498,518,513,485,467,503,505,491,511,498,519,492,465,522,498,527,496,491,509,514,514,482,488,505,494,491,523,488,494,503,478,512,490,511,510,520,477,504,516,483,504,497,499,527,469,531,483,518,495,479,492,496,488,490,511,509,511,541,500,498,499,502,478,506,494,507,483,502,507,506,487,505,485,496,506,493,501,509,510,495,472,479,510,477,482,499,495,486,485,510,485,494,513,542,510,482,477,486,493,511
1000,501,494,504,505,491,506,505,493,499,491,492,474,493,494,498,505,526,478,512,511,494,496,493,510,500,514,510,506,498,488,481,515,457,508,492,462,518,493,496,480,466,504,509,500,493,502,499,507,485,518,510,463,502,476,491,484,481,500,516,492,517,480,512,450,510,522,491,498,495,500,492,478,469,490,496,481,476,512,541,483,478,505,487,513,495,504,479,478,501,501,486,498,499,507,476,507,490,486,505,519,505,504,495,459,487,473,500,512,500,523,483,497,497,501,496,502,523,516,483,488,495,510,487,486,512,485,489,499,505,489,523,502,498,495,521,478,509,522,492,492,495,482,506,520,488,517,484,505,474,502,496,506,499,489,529,502,502,506,504,498,508,487,472,503,525,479,486,505,467,501,518,454,493,470,492,505,516,492,494,509,511,507,496,506,505,512,540,509,515,484,503,515,492,524,480,495,489,504,508,530,511,487,499
1000,504,498,476,515,508,510,490,472,527,504,486,505,500,499,495,477,515,503,512,497,484,530,482,522,524,504,504,504,524,484,483,513,507,491,503,489,473,515,475,501,516,499,482,495,487,524,491,517,512,500,506,467,499,481,493,501,516,479,484,527,502,482,499,477,510,474,480,477,490,511,487,490,486,533,513,474,499,491,503,514,518,483,494,503,463,485,501,492,498,498,486,473,505,512,480,516,509,513,495,523,502,495,496,501,501,508,488,505,510,485,513,526,503,517,501,499,489,528,496,508,481,498,500,505,502,479,499,489,499,536,494,511,501,503,501,517,486,494,490,499,501,507,500,512,488,523,503,479,490,477,508,502,500,494,496,494,491,506,484,506,503,506,504,498,477,494,481,496,467,523,480,498,533,479,487,498,515,503,516,504,493,508,516,500,507,483,477,502,507,485,490,509,515,503,491,518,492,474,500,480,496,482,529
1000,519,501,485,523,480,479,517,507,506,519,511,481,523,497,503,487,501,525,497,511,494,494,489,519,515,506,489,512,516,498,520,497,480,497,500,465,492,501,520,517,512,511,510,493,485,511,491,503,513,505,512,515,519,498,510,508,489,497,496,481,491,458,504,514,522,488,509,509,503,503,475,499,492,493,513,511,489,498,499,542,488,509,524,493,490,501,503,512,518,519,472,516,511,512,503,501,508,508,501,500,508,504,506,504,509,517,470,522,518,502,506,498,496,521,517,470,473,505,499,499,512,489,483,506,519,517,486,517,516,490,501,487,505,492,503,484,510,518,501,478,476,474,494,493,483,536,508,520,484,520,499,482,496,491,495,498,498,499,498,499,501,514,486,501,484,506,522,485,511,518,485,482,501,511,506,489,505,501,516,520,511,486,516,508,497,481,496,497,487,477,500,488,482,502,492,483,513,516,519,497,499,486,502
1000,487,523,483,496,483,485,507,510,513,513,501,526,513,509,463,500,513,522,491,510,520,500,489,528,484,510,478,500,497,531,515,492,517,491,491,507,512,501,500,513,510,518,500,522,511,504,482,493,491,508,516,497,498,503,516,507,499,489,481,491,503,504,514,505,503,502,492,502,490,502,481,501,483,491,507,496,499,534,487,507,478,510,508,476,485,494,513,480,532,499,497,504,494,492,487,522,508,509,464,499,497,477,505,483,510,502,519,496,508,520,510,492,478,485,487,511,473,499,525,505,500,500,488,490,468,511,506,490,517,496,502,512,485,465,516,520,482,462,502,481,521,503,505,486,504,524,489,504,513,518,511,509,484,500,494,485,494,516,506,500,506,504,490,499,503,465,476,496,503,515,503,494,514,494,500,526,494,520,500,495,528,459,505,496,494,489,492,486,490,481,513,511,519,498,512,523,485,503,463,489,506,482,516
